distance_to_latrine_meters,distance_to_river_meters,distance_to_farmland_meters,buffer_encroachments_count,rainfall_intensity_mm,cumulative_48h_rainfall_mm,temperature_celsius,humidity_percent,source_type_code,target_unsafe,scenario,station_name,barangay
2235.2,13.4,2372.5,1,1.9,9.5,31.7,72.8,0,1,Dry / Normal,C. Wsy (1 sample) martines spring,Hantag
2235.2,13.4,2372.5,1,0.8,2.0,28.3,76.3,0,1,Dry / Normal,C. Wsy (1 sample) martines spring,Hantag
2235.2,13.4,2372.5,1,33.0,57.2,25.1,91.6,0,1,Moderate Monsoon,C. Wsy (1 sample) martines spring,Hantag
2235.2,13.4,2372.5,1,40.0,54.2,25.6,82.2,0,1,Moderate Monsoon,C. Wsy (1 sample) martines spring,Hantag
2235.2,13.4,2372.5,1,81.3,147.5,24.5,94.0,0,1,Severe Storm Runoff,C. Wsy (1 sample) martines spring,Hantag
2235.2,13.4,2372.5,1,102.8,149.8,24.0,94.6,0,1,Severe Storm Runoff,C. Wsy (1 sample) martines spring,Hantag
2452.9,231.2,2169.5,0,2.3,8.6,29.0,71.7,1,1,Dry / Normal,E. Wsy (1 sample) danao,Hantag
2452.9,231.2,2169.5,0,3.0,3.4,31.0,67.2,1,1,Dry / Normal,E. Wsy (1 sample) danao,Hantag
2452.9,231.2,2169.5,0,17.0,46.0,28.4,89.7,1,1,Moderate Monsoon,E. Wsy (1 sample) danao,Hantag
2452.9,231.2,2169.5,0,24.1,36.1,27.4,85.3,1,1,Moderate Monsoon,E. Wsy (1 sample) danao,Hantag
2452.9,231.2,2169.5,0,68.5,133.3,23.1,98.4,1,1,Severe Storm Runoff,E. Wsy (1 sample) danao,Hantag
2452.9,231.2,2169.5,0,78.1,151.2,24.1,95.6,1,1,Severe Storm Runoff,E. Wsy (1 sample) danao,Hantag
1987.2,472.2,2722.6,0,2.7,4.2,32.8,75.1,1,1,Dry / Normal,F. Wsy (1 sample) catig,Hantag
1987.2,472.2,2722.6,0,4.7,11.9,31.0,77.0,1,1,Dry / Normal,F. Wsy (1 sample) catig,Hantag
1987.2,472.2,2722.6,0,17.7,31.6,25.2,83.9,1,1,Moderate Monsoon,F. Wsy (1 sample) catig,Hantag
1987.2,472.2,2722.6,0,26.7,42.1,27.9,84.3,1,1,Moderate Monsoon,F. Wsy (1 sample) catig,Hantag
1987.2,472.2,2722.6,0,79.7,146.8,23.5,97.6,1,1,Severe Storm Runoff,F. Wsy (1 sample) catig,Hantag
1987.2,472.2,2722.6,0,65.2,154.5,25.7,93.4,1,1,Severe Storm Runoff,F. Wsy (1 sample) catig,Hantag
1955.6,570.6,2792.2,0,0.0,6.5,31.5,74.5,1,1,Dry / Normal,G. Wsy (1 sample) casisong purok2,Hantag
1955.6,570.6,2792.2,0,3.9,4.5,29.8,66.5,1,1,Dry / Normal,G. Wsy (1 sample) casisong purok2,Hantag
1955.6,570.6,2792.2,0,40.9,63.4,26.2,80.8,1,1,Moderate Monsoon,G. Wsy (1 sample) casisong purok2,Hantag
1955.6,570.6,2792.2,0,24.3,40.8,27.6,87.7,1,1,Moderate Monsoon,G. Wsy (1 sample) casisong purok2,Hantag
1955.6,570.6,2792.2,0,122.1,185.7,23.4,97.0,1,1,Severe Storm Runoff,G. Wsy (1 sample) casisong purok2,Hantag
1955.6,570.6,2792.2,0,113.3,181.4,25.7,95.5,1,1,Severe Storm Runoff,G. Wsy (1 sample) casisong purok2,Hantag
1469.8,3267.6,5000.0,0,2.6,6.0,28.1,66.4,0,1,Dry / Normal,2nd Reservoir from Lanao Spring,Batuan
1469.8,3267.6,5000.0,0,0.2,5.3,29.6,71.6,0,1,Dry / Normal,2nd Reservoir from Lanao Spring,Batuan
1469.8,3267.6,5000.0,0,42.2,57.2,26.4,89.1,0,1,Moderate Monsoon,2nd Reservoir from Lanao Spring,Batuan
1469.8,3267.6,5000.0,0,21.9,33.4,26.0,81.9,0,1,Moderate Monsoon,2nd Reservoir from Lanao Spring,Batuan
1469.8,3267.6,5000.0,0,125.1,205.5,25.2,98.1,0,1,Severe Storm Runoff,2nd Reservoir from Lanao Spring,Batuan
1469.8,3267.6,5000.0,0,116.3,165.6,26.1,95.8,0,1,Severe Storm Runoff,2nd Reservoir from Lanao Spring,Batuan
1346.9,3148.8,5000.0,0,4.0,11.2,29.6,66.4,0,0,Dry / Normal,Jetmatic Pump (Source from Kaugbong Spring),Batuan
1346.9,3148.8,5000.0,0,1.1,4.5,32.1,76.2,0,0,Dry / Normal,Jetmatic Pump (Source from Kaugbong Spring),Batuan
1346.9,3148.8,5000.0,0,15.2,35.4,26.5,82.7,0,0,Moderate Monsoon,Jetmatic Pump (Source from Kaugbong Spring),Batuan
1346.9,3148.8,5000.0,0,18.6,35.4,28.3,83.9,0,0,Moderate Monsoon,Jetmatic Pump (Source from Kaugbong Spring),Batuan
1346.9,3148.8,5000.0,0,96.3,171.5,24.3,98.8,0,1,Severe Storm Runoff,Jetmatic Pump (Source from Kaugbong Spring),Batuan
1346.9,3148.8,5000.0,0,127.4,180.0,24.7,94.1,0,1,Severe Storm Runoff,Jetmatic Pump (Source from Kaugbong Spring),Batuan
1131.8,2932.3,5000.0,0,1.4,1.7,31.0,71.5,1,0,Dry / Normal,Bungkanag BIS (first faucet from first tank),Batuan
1131.8,2932.3,5000.0,0,0.3,2.5,32.5,68.1,1,0,Dry / Normal,Bungkanag BIS (first faucet from first tank),Batuan
1131.8,2932.3,5000.0,0,19.3,39.1,28.4,82.9,1,0,Moderate Monsoon,Bungkanag BIS (first faucet from first tank),Batuan
1131.8,2932.3,5000.0,0,35.2,60.4,25.8,88.7,1,0,Moderate Monsoon,Bungkanag BIS (first faucet from first tank),Batuan
1131.8,2932.3,5000.0,0,85.7,157.3,25.2,95.8,1,1,Severe Storm Runoff,Bungkanag BIS (first faucet from first tank),Batuan
1131.8,2932.3,5000.0,0,66.3,148.1,24.1,93.3,1,1,Severe Storm Runoff,Bungkanag BIS (first faucet from first tank),Batuan
1195.7,2996.0,5000.0,0,0.2,4.9,31.4,65.2,1,1,Dry / Normal,Bugkanag BIS (First Tank),Batuan
1195.7,2996.0,5000.0,0,2.6,4.4,31.2,67.3,1,1,Dry / Normal,Bugkanag BIS (First Tank),Batuan
1195.7,2996.0,5000.0,0,35.7,53.4,28.3,81.7,1,1,Moderate Monsoon,Bugkanag BIS (First Tank),Batuan
1195.7,2996.0,5000.0,0,25.2,37.5,28.2,90.5,1,1,Moderate Monsoon,Bugkanag BIS (First Tank),Batuan
1195.7,2996.0,5000.0,0,78.1,151.1,25.9,95.9,1,1,Severe Storm Runoff,Bugkanag BIS (First Tank),Batuan
1195.7,2996.0,5000.0,0,97.1,149.2,23.3,98.3,1,1,Severe Storm Runoff,Bugkanag BIS (First Tank),Batuan
1021.0,2778.2,5000.0,0,4.5,9.6,29.7,69.5,0,1,Dry / Normal,Tuhob Spring (open main source purok bungcanag),Batuan
1021.0,2778.2,5000.0,0,3.6,10.8,32.4,75.1,0,1,Dry / Normal,Tuhob Spring (open main source purok bungcanag),Batuan
1021.0,2778.2,5000.0,0,34.3,46.0,25.6,90.8,0,1,Moderate Monsoon,Tuhob Spring (open main source purok bungcanag),Batuan
1021.0,2778.2,5000.0,0,33.2,43.4,25.4,88.0,0,1,Moderate Monsoon,Tuhob Spring (open main source purok bungcanag),Batuan
1021.0,2778.2,5000.0,0,60.4,108.4,24.9,96.8,0,1,Severe Storm Runoff,Tuhob Spring (open main source purok bungcanag),Batuan
1021.0,2778.2,5000.0,0,105.6,156.8,25.5,93.7,0,1,Severe Storm Runoff,Tuhob Spring (open main source purok bungcanag),Batuan
1207.4,2998.9,5000.0,0,1.6,7.6,31.2,76.0,0,1,Dry / Normal,First tank from Tuhob Spring,Batuan
1207.4,2998.9,5000.0,0,3.3,7.8,28.5,69.8,0,1,Dry / Normal,First tank from Tuhob Spring,Batuan
1207.4,2998.9,5000.0,0,23.0,37.9,28.4,84.7,0,1,Moderate Monsoon,First tank from Tuhob Spring,Batuan
1207.4,2998.9,5000.0,0,41.8,64.4,27.8,86.0,0,1,Moderate Monsoon,First tank from Tuhob Spring,Batuan
1207.4,2998.9,5000.0,0,100.4,165.0,23.7,97.1,0,1,Severe Storm Runoff,First tank from Tuhob Spring,Batuan
1207.4,2998.9,5000.0,0,79.7,120.9,25.3,93.2,0,1,Severe Storm Runoff,First tank from Tuhob Spring,Batuan
1338.3,3004.5,5000.0,0,4.7,12.3,32.6,69.8,0,0,Dry / Normal,Kakuwas Spring (Intake Box),Batuan
1338.3,3004.5,5000.0,0,0.1,7.5,30.1,77.6,0,0,Dry / Normal,Kakuwas Spring (Intake Box),Batuan
1338.3,3004.5,5000.0,0,43.9,71.0,26.0,84.6,0,1,Moderate Monsoon,Kakuwas Spring (Intake Box),Batuan
1338.3,3004.5,5000.0,0,40.5,56.8,25.6,86.7,0,1,Moderate Monsoon,Kakuwas Spring (Intake Box),Batuan
1338.3,3004.5,5000.0,0,125.5,200.3,25.0,92.7,0,1,Severe Storm Runoff,Kakuwas Spring (Intake Box),Batuan
1338.3,3004.5,5000.0,0,103.1,192.6,23.5,95.6,0,1,Severe Storm Runoff,Kakuwas Spring (Intake Box),Batuan
1305.3,3048.8,5000.0,0,4.4,10.3,31.5,74.1,0,0,Dry / Normal,First Reservoir from Kakuwas Spring,Batuan
1305.3,3048.8,5000.0,0,1.8,4.1,32.0,75.5,0,0,Dry / Normal,First Reservoir from Kakuwas Spring,Batuan
1305.3,3048.8,5000.0,0,41.0,69.3,26.8,86.0,0,1,Moderate Monsoon,First Reservoir from Kakuwas Spring,Batuan
1305.3,3048.8,5000.0,0,38.9,61.9,27.5,89.5,0,1,Moderate Monsoon,First Reservoir from Kakuwas Spring,Batuan
1305.3,3048.8,5000.0,0,122.3,179.2,24.3,92.7,0,1,Severe Storm Runoff,First Reservoir from Kakuwas Spring,Batuan
1305.3,3048.8,5000.0,0,100.5,142.3,24.6,95.8,0,1,Severe Storm Runoff,First Reservoir from Kakuwas Spring,Batuan
1546.1,3299.1,5000.0,0,1.4,6.1,28.2,65.5,0,0,Dry / Normal,Buho Spring (Open Main Source Purok 1 Tuog),Batuan
1546.1,3299.1,5000.0,0,4.1,7.0,28.6,71.8,0,0,Dry / Normal,Buho Spring (Open Main Source Purok 1 Tuog),Batuan
1546.1,3299.1,5000.0,0,38.1,52.4,27.2,81.0,0,1,Moderate Monsoon,Buho Spring (Open Main Source Purok 1 Tuog),Batuan
1546.1,3299.1,5000.0,0,16.6,37.2,26.9,87.6,0,0,Moderate Monsoon,Buho Spring (Open Main Source Purok 1 Tuog),Batuan
1546.1,3299.1,5000.0,0,110.8,199.6,24.8,94.3,0,1,Severe Storm Runoff,Buho Spring (Open Main Source Purok 1 Tuog),Batuan
1546.1,3299.1,5000.0,0,115.7,169.2,24.5,92.5,0,1,Severe Storm Runoff,Buho Spring (Open Main Source Purok 1 Tuog),Batuan
1739.5,3435.1,5000.0,0,0.1,7.8,32.2,74.0,0,1,Dry / Normal,Jetmatic Pump (from main source Buho Spring),Batuan
1739.5,3435.1,5000.0,0,2.0,3.4,28.8,68.3,0,1,Dry / Normal,Jetmatic Pump (from main source Buho Spring),Batuan
1739.5,3435.1,5000.0,0,31.5,55.8,27.3,83.4,0,1,Moderate Monsoon,Jetmatic Pump (from main source Buho Spring),Batuan
1739.5,3435.1,5000.0,0,43.6,68.4,26.9,87.3,0,1,Moderate Monsoon,Jetmatic Pump (from main source Buho Spring),Batuan
1739.5,3435.1,5000.0,0,89.4,141.8,24.2,97.3,0,1,Severe Storm Runoff,Jetmatic Pump (from main source Buho Spring),Batuan
1739.5,3435.1,5000.0,0,61.0,106.8,23.2,92.3,0,1,Severe Storm Runoff,Jetmatic Pump (from main source Buho Spring),Batuan
1747.8,3429.2,5000.0,0,4.3,9.9,30.4,66.3,0,0,Dry / Normal,First tank from Buho Spring,Batuan
1747.8,3429.2,5000.0,0,2.5,6.3,28.9,70.6,0,0,Dry / Normal,First tank from Buho Spring,Batuan
1747.8,3429.2,5000.0,0,27.0,49.3,27.2,80.5,0,0,Moderate Monsoon,First tank from Buho Spring,Batuan
1747.8,3429.2,5000.0,0,26.2,48.7,26.8,90.3,0,0,Moderate Monsoon,First tank from Buho Spring,Batuan
1747.8,3429.2,5000.0,0,106.1,154.2,23.2,96.5,0,1,Severe Storm Runoff,First tank from Buho Spring,Batuan
1747.8,3429.2,5000.0,0,61.9,131.2,26.3,96.0,0,1,Severe Storm Runoff,First tank from Buho Spring,Batuan
1487.1,3168.6,5000.0,0,1.9,7.0,30.3,72.1,0,1,Dry / Normal,Hunog-Hunog Spring,Batuan
1487.1,3168.6,5000.0,0,4.7,7.8,32.8,76.8,0,1,Dry / Normal,Hunog-Hunog Spring,Batuan
1487.1,3168.6,5000.0,0,20.9,32.3,25.4,80.2,0,1,Moderate Monsoon,Hunog-Hunog Spring,Batuan
1487.1,3168.6,5000.0,0,17.8,41.5,25.2,83.8,0,1,Moderate Monsoon,Hunog-Hunog Spring,Batuan
1487.1,3168.6,5000.0,0,119.1,160.3,25.9,94.0,0,1,Severe Storm Runoff,Hunog-Hunog Spring,Batuan
1487.1,3168.6,5000.0,0,68.3,143.1,25.2,98.1,0,1,Severe Storm Runoff,Hunog-Hunog Spring,Batuan
2385.3,3969.6,5000.0,0,3.7,10.1,29.4,67.3,0,1,Dry / Normal,First faucet from Monda Spring,Batuan
2385.3,3969.6,5000.0,0,3.8,10.3,33.0,70.4,0,1,Dry / Normal,First faucet from Monda Spring,Batuan
2385.3,3969.6,5000.0,0,26.2,51.7,26.2,91.2,0,1,Moderate Monsoon,First faucet from Monda Spring,Batuan
2385.3,3969.6,5000.0,0,40.8,59.4,27.6,89.1,0,1,Moderate Monsoon,First faucet from Monda Spring,Batuan
2385.3,3969.6,5000.0,0,67.2,152.3,24.8,97.8,0,1,Severe Storm Runoff,First faucet from Monda Spring,Batuan
2385.3,3969.6,5000.0,0,82.4,167.2,24.4,92.1,0,1,Severe Storm Runoff,First faucet from Monda Spring,Batuan
1883.3,3653.0,5000.0,0,4.5,5.2,29.6,77.4,2,1,Dry / Normal,Jetmatic Pump (Purok Tambis),Batuan
1883.3,3653.0,5000.0,0,4.8,9.4,31.2,70.8,2,1,Dry / Normal,Jetmatic Pump (Purok Tambis),Batuan
1883.3,3653.0,5000.0,0,23.8,40.4,27.4,89.0,2,1,Moderate Monsoon,Jetmatic Pump (Purok Tambis),Batuan
1883.3,3653.0,5000.0,0,38.7,64.5,25.3,85.9,2,1,Moderate Monsoon,Jetmatic Pump (Purok Tambis),Batuan
1883.3,3653.0,5000.0,0,64.0,131.5,24.5,98.2,2,0,Severe Storm Runoff,Jetmatic Pump (Purok Tambis),Batuan
1883.3,3653.0,5000.0,0,84.6,130.5,23.5,97.3,2,0,Severe Storm Runoff,Jetmatic Pump (Purok Tambis),Batuan
2024.0,3828.0,5000.0,0,3.1,3.9,28.4,74.1,1,0,Dry / Normal,Patong faucet (Source from Tank),Batuan
2024.0,3828.0,5000.0,0,0.4,7.0,31.5,66.1,1,0,Dry / Normal,Patong faucet (Source from Tank),Batuan
2024.0,3828.0,5000.0,0,17.5,47.2,26.3,84.4,1,0,Moderate Monsoon,Patong faucet (Source from Tank),Batuan
2024.0,3828.0,5000.0,0,39.4,68.3,28.5,89.0,1,0,Moderate Monsoon,Patong faucet (Source from Tank),Batuan
2024.0,3828.0,5000.0,0,86.3,130.5,25.7,95.9,1,1,Severe Storm Runoff,Patong faucet (Source from Tank),Batuan
2024.0,3828.0,5000.0,0,89.7,175.0,23.4,95.4,1,1,Severe Storm Runoff,Patong faucet (Source from Tank),Batuan
1719.1,2272.8,4385.1,0,0.1,3.8,28.3,66.5,0,0,Dry / Normal,Water Tub (Source: Sandajong Spring),Cambooc
1719.1,2272.8,4385.1,0,0.6,5.8,31.7,72.6,0,0,Dry / Normal,Water Tub (Source: Sandajong Spring),Cambooc
1719.1,2272.8,4385.1,0,43.9,61.4,26.0,90.4,0,1,Moderate Monsoon,Water Tub (Source: Sandajong Spring),Cambooc
1719.1,2272.8,4385.1,0,21.7,51.0,25.0,91.6,0,1,Moderate Monsoon,Water Tub (Source: Sandajong Spring),Cambooc
1719.1,2272.8,4385.1,0,63.0,147.6,24.8,99.0,0,1,Severe Storm Runoff,Water Tub (Source: Sandajong Spring),Cambooc
1719.1,2272.8,4385.1,0,65.2,132.9,26.4,95.7,0,1,Severe Storm Runoff,Water Tub (Source: Sandajong Spring),Cambooc
1845.5,2215.2,4271.0,0,3.1,8.7,30.3,73.2,0,0,Dry / Normal,First Tank (Source: Spring),Cambooc
1845.5,2215.2,4271.0,0,2.9,10.1,28.2,68.7,0,0,Dry / Normal,First Tank (Source: Spring),Cambooc
1845.5,2215.2,4271.0,0,43.5,71.3,26.6,87.4,0,1,Moderate Monsoon,First Tank (Source: Spring),Cambooc
1845.5,2215.2,4271.0,0,23.3,37.1,26.6,84.2,0,0,Moderate Monsoon,First Tank (Source: Spring),Cambooc
1845.5,2215.2,4271.0,0,100.9,144.8,26.4,98.9,0,1,Severe Storm Runoff,First Tank (Source: Spring),Cambooc
1845.5,2215.2,4271.0,0,108.9,175.7,24.1,97.7,0,1,Severe Storm Runoff,First Tank (Source: Spring),Cambooc
1866.1,1687.5,3711.9,0,3.4,4.7,32.6,75.7,0,1,Dry / Normal,Tambowang Spring (Open Main Source),Cambooc
1866.1,1687.5,3711.9,0,4.7,10.5,31.1,70.4,0,1,Dry / Normal,Tambowang Spring (Open Main Source),Cambooc
1866.1,1687.5,3711.9,0,43.0,70.3,25.2,80.3,0,1,Moderate Monsoon,Tambowang Spring (Open Main Source),Cambooc
1866.1,1687.5,3711.9,0,26.3,52.5,28.5,81.8,0,1,Moderate Monsoon,Tambowang Spring (Open Main Source),Cambooc
1866.1,1687.5,3711.9,0,101.6,160.6,26.4,97.9,0,1,Severe Storm Runoff,Tambowang Spring (Open Main Source),Cambooc
1866.1,1687.5,3711.9,0,118.7,182.1,24.5,93.9,0,1,Severe Storm Runoff,Tambowang Spring (Open Main Source),Cambooc
1477.1,1969.1,4158.8,0,0.3,7.2,32.1,78.0,0,1,Dry / Normal,First Tank (Source: Lunas Spring),Cambooc
1477.1,1969.1,4158.8,0,5.0,9.4,31.8,77.3,0,1,Dry / Normal,First Tank (Source: Lunas Spring),Cambooc
1477.1,1969.1,4158.8,0,40.5,55.4,26.6,81.5,0,1,Moderate Monsoon,First Tank (Source: Lunas Spring),Cambooc
1477.1,1969.1,4158.8,0,43.6,65.7,25.8,88.1,0,1,Moderate Monsoon,First Tank (Source: Lunas Spring),Cambooc
1477.1,1969.1,4158.8,0,103.3,161.2,23.4,96.7,0,1,Severe Storm Runoff,First Tank (Source: Lunas Spring),Cambooc
1477.1,1969.1,4158.8,0,96.4,175.0,24.8,98.0,0,1,Severe Storm Runoff,First Tank (Source: Lunas Spring),Cambooc
1658.4,2115.5,4239.2,0,2.8,7.3,32.4,70.2,2,0,Dry / Normal,Ka Paterno Jetmatic,Cambooc
1658.4,2115.5,4239.2,0,0.7,0.9,31.8,73.1,2,0,Dry / Normal,Ka Paterno Jetmatic,Cambooc
1658.4,2115.5,4239.2,0,36.1,50.4,25.5,80.2,2,0,Moderate Monsoon,Ka Paterno Jetmatic,Cambooc
1658.4,2115.5,4239.2,0,25.5,47.3,26.4,85.2,2,0,Moderate Monsoon,Ka Paterno Jetmatic,Cambooc
1658.4,2115.5,4239.2,0,123.3,180.7,24.8,97.5,2,0,Severe Storm Runoff,Ka Paterno Jetmatic,Cambooc
1658.4,2115.5,4239.2,0,87.8,158.9,26.0,98.6,2,0,Severe Storm Runoff,Ka Paterno Jetmatic,Cambooc
1998.6,2860.2,4953.7,0,0.7,8.1,30.5,68.4,2,0,Dry / Normal,Kayale Jetmatic Pump,Cambooc
1998.6,2860.2,4953.7,0,2.3,10.1,30.5,69.3,2,0,Dry / Normal,Kayale Jetmatic Pump,Cambooc
1998.6,2860.2,4953.7,0,34.0,48.8,25.3,81.5,2,0,Moderate Monsoon,Kayale Jetmatic Pump,Cambooc
1998.6,2860.2,4953.7,0,18.8,31.8,25.5,87.7,2,0,Moderate Monsoon,Kayale Jetmatic Pump,Cambooc
1998.6,2860.2,4953.7,0,72.7,130.0,26.1,95.3,2,0,Severe Storm Runoff,Kayale Jetmatic Pump,Cambooc
1998.6,2860.2,4953.7,0,106.7,155.3,23.7,92.3,2,0,Severe Storm Runoff,Kayale Jetmatic Pump,Cambooc
1730.6,2259.6,4365.8,0,0.8,3.0,28.9,66.2,0,0,Dry / Normal,Sandajong Spring Source,Cambooc
1730.6,2259.6,4365.8,0,0.6,4.3,29.0,69.7,0,0,Dry / Normal,Sandajong Spring Source,Cambooc
1730.6,2259.6,4365.8,0,30.1,53.9,25.1,89.6,0,1,Moderate Monsoon,Sandajong Spring Source,Cambooc
1730.6,2259.6,4365.8,0,33.8,45.4,28.1,91.1,0,0,Moderate Monsoon,Sandajong Spring Source,Cambooc
1730.6,2259.6,4365.8,0,64.3,118.1,25.8,97.2,0,1,Severe Storm Runoff,Sandajong Spring Source,Cambooc
1730.6,2259.6,4365.8,0,72.9,123.4,24.3,95.4,0,1,Severe Storm Runoff,Sandajong Spring Source,Cambooc
3456.6,5000.0,5000.0,0,3.1,6.1,30.3,74.7,0,1,Dry / Normal,Cacao Spring Intake Box (Main Source),Combado
3456.6,5000.0,5000.0,0,0.2,2.2,31.6,76.6,0,1,Dry / Normal,Cacao Spring Intake Box (Main Source),Combado
3456.6,5000.0,5000.0,0,30.4,51.0,25.4,85.4,0,1,Moderate Monsoon,Cacao Spring Intake Box (Main Source),Combado
3456.6,5000.0,5000.0,0,31.0,45.8,25.9,84.5,0,1,Moderate Monsoon,Cacao Spring Intake Box (Main Source),Combado
3456.6,5000.0,5000.0,0,61.4,117.5,23.7,94.3,0,1,Severe Storm Runoff,Cacao Spring Intake Box (Main Source),Combado
3456.6,5000.0,5000.0,0,68.4,152.9,25.1,96.8,0,1,Severe Storm Runoff,Cacao Spring Intake Box (Main Source),Combado
3679.7,5000.0,5000.0,0,3.9,7.9,28.4,72.0,0,1,Dry / Normal,Faucet Purok Caimito (Source:Cacao Spring),Combado
3679.7,5000.0,5000.0,0,2.9,8.9,30.2,66.7,0,1,Dry / Normal,Faucet Purok Caimito (Source:Cacao Spring),Combado
3679.7,5000.0,5000.0,0,23.5,40.8,27.3,86.8,0,1,Moderate Monsoon,Faucet Purok Caimito (Source:Cacao Spring),Combado
3679.7,5000.0,5000.0,0,25.7,55.4,27.1,82.8,0,1,Moderate Monsoon,Faucet Purok Caimito (Source:Cacao Spring),Combado
3679.7,5000.0,5000.0,0,67.1,114.7,23.9,93.1,0,1,Severe Storm Runoff,Faucet Purok Caimito (Source:Cacao Spring),Combado
3679.7,5000.0,5000.0,0,73.1,127.4,23.6,98.3,0,1,Severe Storm Runoff,Faucet Purok Caimito (Source:Cacao Spring),Combado
3816.0,5000.0,5000.0,0,0.4,4.6,30.1,77.8,3,0,Dry / Normal,Faucet in REYMS (Source:Prime Water),Combado
3816.0,5000.0,5000.0,0,0.6,3.8,32.8,76.3,3,0,Dry / Normal,Faucet in REYMS (Source:Prime Water),Combado
3816.0,5000.0,5000.0,0,39.5,54.7,25.6,88.0,3,0,Moderate Monsoon,Faucet in REYMS (Source:Prime Water),Combado
3816.0,5000.0,5000.0,0,42.9,64.0,27.0,83.4,3,0,Moderate Monsoon,Faucet in REYMS (Source:Prime Water),Combado
3816.0,5000.0,5000.0,0,113.9,163.3,24.1,95.0,3,0,Severe Storm Runoff,Faucet in REYMS (Source:Prime Water),Combado
3816.0,5000.0,5000.0,0,95.5,147.6,23.4,96.3,3,0,Severe Storm Runoff,Faucet in REYMS (Source:Prime Water),Combado
3927.0,5000.0,5000.0,0,1.4,6.0,28.8,71.3,0,1,Dry / Normal,Molave Steel Tank (Source: Cacao Spring),Combado
3927.0,5000.0,5000.0,0,2.7,3.1,29.7,66.7,0,1,Dry / Normal,Molave Steel Tank (Source: Cacao Spring),Combado
3927.0,5000.0,5000.0,0,16.9,46.7,26.1,89.7,0,1,Moderate Monsoon,Molave Steel Tank (Source: Cacao Spring),Combado
3927.0,5000.0,5000.0,0,22.6,46.2,27.7,87.1,0,1,Moderate Monsoon,Molave Steel Tank (Source: Cacao Spring),Combado
3927.0,5000.0,5000.0,0,93.0,153.6,24.2,98.5,0,1,Severe Storm Runoff,Molave Steel Tank (Source: Cacao Spring),Combado
3927.0,5000.0,5000.0,0,118.1,206.4,23.4,97.1,0,1,Severe Storm Runoff,Molave Steel Tank (Source: Cacao Spring),Combado
3942.4,5000.0,5000.0,0,4.7,6.1,28.3,74.6,2,0,Dry / Normal,Jetmatic Pump (Purok Narra),Combado
3942.4,5000.0,5000.0,0,2.9,9.6,28.7,75.3,2,0,Dry / Normal,Jetmatic Pump (Purok Narra),Combado
3942.4,5000.0,5000.0,0,21.0,34.3,25.6,89.8,2,0,Moderate Monsoon,Jetmatic Pump (Purok Narra),Combado
3942.4,5000.0,5000.0,0,35.0,55.5,26.3,90.5,2,0,Moderate Monsoon,Jetmatic Pump (Purok Narra),Combado
3942.4,5000.0,5000.0,0,87.5,168.3,24.5,94.6,2,0,Severe Storm Runoff,Jetmatic Pump (Purok Narra),Combado
3942.4,5000.0,5000.0,0,92.4,147.5,25.6,95.5,2,0,Severe Storm Runoff,Jetmatic Pump (Purok Narra),Combado
4046.5,5000.0,5000.0,0,1.2,8.4,29.9,72.1,2,0,Dry / Normal,Jetmatic Pump (Purok Tambis),Combado
4046.5,5000.0,5000.0,0,4.5,9.5,28.6,77.2,2,0,Dry / Normal,Jetmatic Pump (Purok Tambis),Combado
4046.5,5000.0,5000.0,0,33.8,50.5,25.5,89.5,2,0,Moderate Monsoon,Jetmatic Pump (Purok Tambis),Combado
4046.5,5000.0,5000.0,0,33.6,54.3,28.1,89.5,2,0,Moderate Monsoon,Jetmatic Pump (Purok Tambis),Combado
4046.5,5000.0,5000.0,0,70.6,126.2,23.9,97.2,2,0,Severe Storm Runoff,Jetmatic Pump (Purok Tambis),Combado
4046.5,5000.0,5000.0,0,62.3,130.8,25.7,98.1,2,0,Severe Storm Runoff,Jetmatic Pump (Purok Tambis),Combado
4087.5,5000.0,5000.0,0,1.7,8.3,28.6,76.0,3,0,Dry / Normal,Residential Faucet (Source:Prime Water),Combado
4087.5,5000.0,5000.0,0,0.6,3.8,32.0,66.9,3,0,Dry / Normal,Residential Faucet (Source:Prime Water),Combado
4087.5,5000.0,5000.0,0,21.9,46.3,27.5,87.7,3,0,Moderate Monsoon,Residential Faucet (Source:Prime Water),Combado
4087.5,5000.0,5000.0,0,35.8,56.7,25.9,84.1,3,0,Moderate Monsoon,Residential Faucet (Source:Prime Water),Combado
4087.5,5000.0,5000.0,0,72.7,158.1,25.0,94.8,3,0,Severe Storm Runoff,Residential Faucet (Source:Prime Water),Combado
4087.5,5000.0,5000.0,0,92.3,179.7,23.5,96.1,3,0,Severe Storm Runoff,Residential Faucet (Source:Prime Water),Combado
4124.5,5000.0,5000.0,0,2.5,7.4,28.1,76.3,1,0,Dry / Normal,MCNHS Faucet from motor tank (Source:Prime Water),Combado
4124.5,5000.0,5000.0,0,4.7,9.2,31.5,77.0,1,0,Dry / Normal,MCNHS Faucet from motor tank (Source:Prime Water),Combado
4124.5,5000.0,5000.0,0,36.2,49.3,27.0,87.3,1,0,Moderate Monsoon,MCNHS Faucet from motor tank (Source:Prime Water),Combado
4124.5,5000.0,5000.0,0,27.7,52.4,28.3,91.1,1,0,Moderate Monsoon,MCNHS Faucet from motor tank (Source:Prime Water),Combado
4124.5,5000.0,5000.0,0,91.6,137.3,26.4,97.9,1,1,Severe Storm Runoff,MCNHS Faucet from motor tank (Source:Prime Water),Combado
4124.5,5000.0,5000.0,0,68.7,154.7,26.0,95.6,1,1,Severe Storm Runoff,MCNHS Faucet from motor tank (Source:Prime Water),Combado
5000.0,5000.0,5000.0,0,3.0,6.2,28.3,69.4,1,1,Dry / Normal,A. hantag wsy (1 sample),Hantag
5000.0,5000.0,5000.0,0,4.0,4.0,29.7,70.2,1,1,Dry / Normal,A. hantag wsy (1 sample),Hantag
5000.0,5000.0,5000.0,0,31.1,59.5,26.2,84.2,1,1,Moderate Monsoon,A. hantag wsy (1 sample),Hantag
5000.0,5000.0,5000.0,0,37.1,56.1,25.8,85.4,1,1,Moderate Monsoon,A. hantag wsy (1 sample),Hantag
5000.0,5000.0,5000.0,0,69.9,118.7,24.7,94.9,1,1,Severe Storm Runoff,A. hantag wsy (1 sample),Hantag
5000.0,5000.0,5000.0,0,124.0,182.1,25.0,96.4,1,1,Severe Storm Runoff,A. hantag wsy (1 sample),Hantag
2116.2,296.6,2551.5,0,0.1,5.4,28.9,77.5,1,0,Dry / Normal,Wsy(no sample),Hantag
2116.2,296.6,2551.5,0,0.7,4.0,28.4,78.0,1,0,Dry / Normal,Wsy(no sample),Hantag
2116.2,296.6,2551.5,0,30.1,52.0,25.2,89.0,1,0,Moderate Monsoon,Wsy(no sample),Hantag
2116.2,296.6,2551.5,0,21.3,49.3,25.7,82.3,1,0,Moderate Monsoon,Wsy(no sample),Hantag
2116.2,296.6,2551.5,0,62.6,126.2,25.0,92.5,1,1,Severe Storm Runoff,Wsy(no sample),Hantag
2116.2,296.6,2551.5,0,114.3,177.0,24.8,95.1,1,1,Severe Storm Runoff,Wsy(no sample),Hantag
2092.8,264.9,2558.7,0,2.0,6.5,28.8,67.4,1,1,Dry / Normal,B. Wsy (1 sample) doheñas,Hantag
2092.8,264.9,2558.7,0,4.3,11.9,29.9,68.5,1,1,Dry / Normal,B. Wsy (1 sample) doheñas,Hantag
2092.8,264.9,2558.7,0,34.3,52.5,25.1,81.9,1,1,Moderate Monsoon,B. Wsy (1 sample) doheñas,Hantag
2092.8,264.9,2558.7,0,36.5,59.7,25.1,82.7,1,1,Moderate Monsoon,B. Wsy (1 sample) doheñas,Hantag
2092.8,264.9,2558.7,0,76.2,149.8,23.1,92.7,1,1,Severe Storm Runoff,B. Wsy (1 sample) doheñas,Hantag
2092.8,264.9,2558.7,0,116.0,164.9,25.3,93.7,1,1,Severe Storm Runoff,B. Wsy (1 sample) doheñas,Hantag
3673.9,1518.8,996.7,0,0.5,2.4,31.6,76.1,0,1,Dry / Normal,Karaatan Spring (First Faucet),Malapoc Norte
3673.9,1518.8,996.7,0,4.2,7.4,31.3,67.7,0,1,Dry / Normal,Karaatan Spring (First Faucet),Malapoc Norte
3673.9,1518.8,996.7,0,23.8,51.7,25.0,81.0,0,1,Moderate Monsoon,Karaatan Spring (First Faucet),Malapoc Norte
3673.9,1518.8,996.7,0,21.2,31.7,25.6,87.0,0,1,Moderate Monsoon,Karaatan Spring (First Faucet),Malapoc Norte
3673.9,1518.8,996.7,0,89.5,174.1,25.9,94.4,0,1,Severe Storm Runoff,Karaatan Spring (First Faucet),Malapoc Norte
3673.9,1518.8,996.7,0,78.2,137.2,25.1,93.9,0,1,Severe Storm Runoff,Karaatan Spring (First Faucet),Malapoc Norte
4667.2,2471.5,114.5,0,3.1,6.4,30.8,70.7,1,1,Dry / Normal,Danao Tank (inside zoo),Malapoc Norte
4667.2,2471.5,114.5,0,1.5,9.1,31.8,66.8,1,1,Dry / Normal,Danao Tank (inside zoo),Malapoc Norte
4667.2,2471.5,114.5,0,41.1,60.8,28.1,89.6,1,1,Moderate Monsoon,Danao Tank (inside zoo),Malapoc Norte
4667.2,2471.5,114.5,0,27.8,38.2,25.9,86.5,1,1,Moderate Monsoon,Danao Tank (inside zoo),Malapoc Norte
4667.2,2471.5,114.5,0,104.3,157.2,23.5,97.8,1,1,Severe Storm Runoff,Danao Tank (inside zoo),Malapoc Norte
4667.2,2471.5,114.5,0,128.9,195.2,23.6,93.9,1,1,Severe Storm Runoff,Danao Tank (inside zoo),Malapoc Norte
3519.5,1259.7,1582.2,0,0.1,7.4,28.6,72.5,0,1,Dry / Normal,Amagos Spring (Purok 3),Malapoc Norte
3519.5,1259.7,1582.2,0,1.4,5.8,31.3,75.8,0,1,Dry / Normal,Amagos Spring (Purok 3),Malapoc Norte
3519.5,1259.7,1582.2,0,21.2,31.4,25.5,90.8,0,1,Moderate Monsoon,Amagos Spring (Purok 3),Malapoc Norte
3519.5,1259.7,1582.2,0,41.2,63.1,27.1,88.0,0,1,Moderate Monsoon,Amagos Spring (Purok 3),Malapoc Norte
3519.5,1259.7,1582.2,0,72.3,158.0,24.5,94.7,0,1,Severe Storm Runoff,Amagos Spring (Purok 3),Malapoc Norte
3519.5,1259.7,1582.2,0,96.3,138.6,23.6,97.2,0,1,Severe Storm Runoff,Amagos Spring (Purok 3),Malapoc Norte
4367.9,2207.5,712.8,0,0.4,5.2,29.2,70.1,0,1,Dry / Normal,Danao Spring Source (JOINT RESERVOIR),Malapoc Norte
4367.9,2207.5,712.8,0,1.4,4.2,31.6,68.9,0,1,Dry / Normal,Danao Spring Source (JOINT RESERVOIR),Malapoc Norte
4367.9,2207.5,712.8,0,32.0,51.5,27.3,91.2,0,1,Moderate Monsoon,Danao Spring Source (JOINT RESERVOIR),Malapoc Norte
4367.9,2207.5,712.8,0,37.0,51.3,25.1,83.1,0,1,Moderate Monsoon,Danao Spring Source (JOINT RESERVOIR),Malapoc Norte
4367.9,2207.5,712.8,0,101.7,144.3,24.7,96.2,0,1,Severe Storm Runoff,Danao Spring Source (JOINT RESERVOIR),Malapoc Norte
4367.9,2207.5,712.8,0,83.4,161.9,23.4,92.5,0,1,Severe Storm Runoff,Danao Spring Source (JOINT RESERVOIR),Malapoc Norte
4367.9,2207.5,712.8,0,3.6,7.6,31.4,70.7,0,1,Dry / Normal,Mauwang Spring Source (JOINT RESERVOIR),Malapoc Norte
4367.9,2207.5,712.8,0,1.2,7.8,32.0,74.0,0,1,Dry / Normal,Mauwang Spring Source (JOINT RESERVOIR),Malapoc Norte
4367.9,2207.5,712.8,0,23.2,45.0,26.3,81.1,0,1,Moderate Monsoon,Mauwang Spring Source (JOINT RESERVOIR),Malapoc Norte
4367.9,2207.5,712.8,0,42.5,55.2,28.3,85.4,0,1,Moderate Monsoon,Mauwang Spring Source (JOINT RESERVOIR),Malapoc Norte
4367.9,2207.5,712.8,0,73.0,140.1,26.1,97.1,0,1,Severe Storm Runoff,Mauwang Spring Source (JOINT RESERVOIR),Malapoc Norte
4367.9,2207.5,712.8,0,116.5,189.4,25.4,97.9,0,1,Severe Storm Runoff,Mauwang Spring Source (JOINT RESERVOIR),Malapoc Norte
4534.1,2327.2,777.1,0,1.2,5.1,29.1,77.8,1,1,Dry / Normal,MATICAO FIRST RESERVOIR (purok 6),Malapoc Norte
4534.1,2327.2,777.1,0,4.7,5.0,31.5,77.0,1,1,Dry / Normal,MATICAO FIRST RESERVOIR (purok 6),Malapoc Norte
4534.1,2327.2,777.1,0,20.4,41.8,28.2,80.4,1,1,Moderate Monsoon,MATICAO FIRST RESERVOIR (purok 6),Malapoc Norte
4534.1,2327.2,777.1,0,35.9,51.8,28.2,91.7,1,1,Moderate Monsoon,MATICAO FIRST RESERVOIR (purok 6),Malapoc Norte
4534.1,2327.2,777.1,0,126.1,189.8,26.0,97.9,1,1,Severe Storm Runoff,MATICAO FIRST RESERVOIR (purok 6),Malapoc Norte
4534.1,2327.2,777.1,0,82.3,163.7,23.1,96.2,1,1,Severe Storm Runoff,MATICAO FIRST RESERVOIR (purok 6),Malapoc Norte
4283.0,2102.2,821.6,0,1.2,2.2,28.4,74.1,1,1,Dry / Normal,KA ODANG (Purok 5),Malapoc Norte
4283.0,2102.2,821.6,0,1.7,7.5,28.3,69.1,1,1,Dry / Normal,KA ODANG (Purok 5),Malapoc Norte
4283.0,2102.2,821.6,0,31.2,57.0,26.1,87.5,1,1,Moderate Monsoon,KA ODANG (Purok 5),Malapoc Norte
4283.0,2102.2,821.6,0,41.6,63.9,25.8,80.3,1,1,Moderate Monsoon,KA ODANG (Purok 5),Malapoc Norte
4283.0,2102.2,821.6,0,120.9,162.0,26.1,95.7,1,1,Severe Storm Runoff,KA ODANG (Purok 5),Malapoc Norte
4283.0,2102.2,821.6,0,125.7,205.6,26.5,94.5,1,1,Severe Storm Runoff,KA ODANG (Purok 5),Malapoc Norte
3893.1,1721.6,1099.9,0,3.8,7.0,30.4,73.2,0,1,Dry / Normal,LIPTONG SPRING,Malapoc Norte
3893.1,1721.6,1099.9,0,4.4,12.3,31.8,70.4,0,1,Dry / Normal,LIPTONG SPRING,Malapoc Norte
3893.1,1721.6,1099.9,0,27.6,52.4,25.8,81.3,0,1,Moderate Monsoon,LIPTONG SPRING,Malapoc Norte
3893.1,1721.6,1099.9,0,25.6,41.3,26.0,82.8,0,1,Moderate Monsoon,LIPTONG SPRING,Malapoc Norte
3893.1,1721.6,1099.9,0,62.9,103.8,26.5,95.0,0,1,Severe Storm Runoff,LIPTONG SPRING,Malapoc Norte
3893.1,1721.6,1099.9,0,86.9,160.9,23.8,98.6,0,1,Severe Storm Runoff,LIPTONG SPRING,Malapoc Norte
3960.9,1740.8,1147.4,0,3.9,4.6,30.1,76.4,0,1,Dry / Normal,KUBI SPRING (PUROK 4),Malapoc Norte
3960.9,1740.8,1147.4,0,4.7,8.4,31.1,67.2,0,1,Dry / Normal,KUBI SPRING (PUROK 4),Malapoc Norte
3960.9,1740.8,1147.4,0,44.7,59.3,28.3,87.8,0,1,Moderate Monsoon,KUBI SPRING (PUROK 4),Malapoc Norte
3960.9,1740.8,1147.4,0,33.2,53.5,25.8,82.1,0,1,Moderate Monsoon,KUBI SPRING (PUROK 4),Malapoc Norte
3960.9,1740.8,1147.4,0,75.4,124.7,25.7,94.5,0,1,Severe Storm Runoff,KUBI SPRING (PUROK 4),Malapoc Norte
3960.9,1740.8,1147.4,0,64.0,152.5,26.1,98.5,0,1,Severe Storm Runoff,KUBI SPRING (PUROK 4),Malapoc Norte
4093.9,1869.0,502.0,0,5.0,6.4,30.0,74.9,0,0,Dry / Normal,"karaatan spring, (danao forest park)",Malapoc Norte
4093.9,1869.0,502.0,0,3.5,4.7,32.1,67.9,0,0,Dry / Normal,"karaatan spring, (danao forest park)",Malapoc Norte
4093.9,1869.0,502.0,0,21.7,42.4,27.1,87.0,0,0,Moderate Monsoon,"karaatan spring, (danao forest park)",Malapoc Norte
4093.9,1869.0,502.0,0,17.7,45.2,25.9,81.6,0,0,Moderate Monsoon,"karaatan spring, (danao forest park)",Malapoc Norte
4093.9,1869.0,502.0,0,122.2,210.0,26.0,97.7,0,1,Severe Storm Runoff,"karaatan spring, (danao forest park)",Malapoc Norte
4093.9,1869.0,502.0,0,105.9,173.4,23.3,94.9,0,1,Severe Storm Runoff,"karaatan spring, (danao forest park)",Malapoc Norte
2600.7,449.3,2002.2,0,1.9,4.0,31.6,71.4,1,1,Dry / Normal,D. WSY Caperos (1 sample),Hantag
2600.7,449.3,2002.2,0,0.4,2.2,31.4,66.0,1,1,Dry / Normal,D. WSY Caperos (1 sample),Hantag
2600.7,449.3,2002.2,0,40.5,60.4,26.7,87.1,1,1,Moderate Monsoon,D. WSY Caperos (1 sample),Hantag
2600.7,449.3,2002.2,0,39.7,56.7,27.4,86.8,1,1,Moderate Monsoon,D. WSY Caperos (1 sample),Hantag
2600.7,449.3,2002.2,0,78.7,162.6,25.8,96.6,1,1,Severe Storm Runoff,D. WSY Caperos (1 sample),Hantag
2600.7,449.3,2002.2,0,119.5,202.9,25.5,97.9,1,1,Severe Storm Runoff,D. WSY Caperos (1 sample),Hantag
4947.0,2774.2,308.7,0,3.5,8.9,31.1,74.8,1,0,Dry / Normal,Danao Intake (Inside zoo),Malapoc Norte
4947.0,2774.2,308.7,0,0.8,7.8,32.4,65.4,1,0,Dry / Normal,Danao Intake (Inside zoo),Malapoc Norte
4947.0,2774.2,308.7,0,39.8,52.4,26.2,88.9,1,0,Moderate Monsoon,Danao Intake (Inside zoo),Malapoc Norte
4947.0,2774.2,308.7,0,19.8,46.2,27.9,86.1,1,0,Moderate Monsoon,Danao Intake (Inside zoo),Malapoc Norte
4947.0,2774.2,308.7,0,60.4,114.8,25.2,98.9,1,1,Severe Storm Runoff,Danao Intake (Inside zoo),Malapoc Norte
4947.0,2774.2,308.7,0,104.2,157.2,25.2,95.8,1,1,Severe Storm Runoff,Danao Intake (Inside zoo),Malapoc Norte
4572.4,2349.6,26.8,1,3.9,4.8,31.8,72.0,0,1,Dry / Normal,Malapoc Norte City Agriculture Office First faucet from Mario's spring,Malapoc Norte
4572.4,2349.6,26.8,1,4.8,7.5,31.2,77.1,0,1,Dry / Normal,Malapoc Norte City Agriculture Office First faucet from Mario's spring,Malapoc Norte
4572.4,2349.6,26.8,1,18.1,46.8,27.4,80.8,0,1,Moderate Monsoon,Malapoc Norte City Agriculture Office First faucet from Mario's spring,Malapoc Norte
4572.4,2349.6,26.8,1,24.0,48.2,25.2,87.0,0,1,Moderate Monsoon,Malapoc Norte City Agriculture Office First faucet from Mario's spring,Malapoc Norte
4572.4,2349.6,26.8,1,84.2,155.2,23.2,98.1,0,1,Severe Storm Runoff,Malapoc Norte City Agriculture Office First faucet from Mario's spring,Malapoc Norte
4572.4,2349.6,26.8,1,128.1,216.5,25.6,92.9,0,1,Severe Storm Runoff,Malapoc Norte City Agriculture Office First faucet from Mario's spring,Malapoc Norte
3312.7,980.7,1910.6,0,3.8,4.0,28.1,69.2,0,1,Dry / Normal,First tank from ka odang spring (purok 1),Malapoc Norte
3312.7,980.7,1910.6,0,2.4,8.6,31.4,70.8,0,1,Dry / Normal,First tank from ka odang spring (purok 1),Malapoc Norte
3312.7,980.7,1910.6,0,23.2,53.1,26.5,85.4,0,1,Moderate Monsoon,First tank from ka odang spring (purok 1),Malapoc Norte
3312.7,980.7,1910.6,0,19.9,45.8,27.4,82.6,0,1,Moderate Monsoon,First tank from ka odang spring (purok 1),Malapoc Norte
3312.7,980.7,1910.6,0,65.8,139.8,25.3,93.9,0,1,Severe Storm Runoff,First tank from ka odang spring (purok 1),Malapoc Norte
3312.7,980.7,1910.6,0,126.6,174.2,24.5,98.6,0,1,Severe Storm Runoff,First tank from ka odang spring (purok 1),Malapoc Norte
3312.7,980.7,1910.6,0,2.1,7.2,30.0,68.6,0,1,Dry / Normal,First tank from kausi spring (purok 1),Malapoc Norte
3312.7,980.7,1910.6,0,4.9,8.2,32.5,68.0,0,1,Dry / Normal,First tank from kausi spring (purok 1),Malapoc Norte
3312.7,980.7,1910.6,0,21.4,32.0,27.3,84.4,0,1,Moderate Monsoon,First tank from kausi spring (purok 1),Malapoc Norte
3312.7,980.7,1910.6,0,40.9,60.4,28.4,82.2,0,1,Moderate Monsoon,First tank from kausi spring (purok 1),Malapoc Norte
3312.7,980.7,1910.6,0,120.8,199.6,25.7,97.9,0,1,Severe Storm Runoff,First tank from kausi spring (purok 1),Malapoc Norte
3312.7,980.7,1910.6,0,113.3,184.6,23.5,92.2,0,1,Severe Storm Runoff,First tank from kausi spring (purok 1),Malapoc Norte
3190.1,824.1,2107.4,0,4.6,9.5,32.0,71.3,0,1,Dry / Normal,Felimon Spring (purok 1),Malapoc Norte
3190.1,824.1,2107.4,0,0.6,1.6,31.4,70.6,0,1,Dry / Normal,Felimon Spring (purok 1),Malapoc Norte
3190.1,824.1,2107.4,0,21.0,40.8,25.2,87.0,0,1,Moderate Monsoon,Felimon Spring (purok 1),Malapoc Norte
3190.1,824.1,2107.4,0,23.1,49.1,26.1,85.5,0,1,Moderate Monsoon,Felimon Spring (purok 1),Malapoc Norte
3190.1,824.1,2107.4,0,60.8,104.4,24.4,95.4,0,1,Severe Storm Runoff,Felimon Spring (purok 1),Malapoc Norte
3190.1,824.1,2107.4,0,102.0,156.6,25.4,98.0,0,1,Severe Storm Runoff,Felimon Spring (purok 1),Malapoc Norte
3344.0,987.9,1966.3,0,3.9,4.2,30.4,66.4,0,1,Dry / Normal,Filemon Spring (Sitio pangi),Malapoc Norte
3344.0,987.9,1966.3,0,1.2,9.1,28.7,71.5,0,1,Dry / Normal,Filemon Spring (Sitio pangi),Malapoc Norte
3344.0,987.9,1966.3,0,33.5,57.5,27.0,80.1,0,1,Moderate Monsoon,Filemon Spring (Sitio pangi),Malapoc Norte
3344.0,987.9,1966.3,0,24.8,45.2,25.3,84.2,0,1,Moderate Monsoon,Filemon Spring (Sitio pangi),Malapoc Norte
3344.0,987.9,1966.3,0,62.3,106.2,24.4,92.9,0,1,Severe Storm Runoff,Filemon Spring (Sitio pangi),Malapoc Norte
3344.0,987.9,1966.3,0,99.7,174.2,25.8,93.4,0,1,Severe Storm Runoff,Filemon Spring (Sitio pangi),Malapoc Norte
3764.3,1506.2,1386.0,0,0.8,1.6,31.2,74.2,1,1,Dry / Normal,Maticao/Maticol Main Source (Matin ao),Malapoc Norte
3764.3,1506.2,1386.0,0,0.2,7.7,28.3,72.0,1,1,Dry / Normal,Maticao/Maticol Main Source (Matin ao),Malapoc Norte
3764.3,1506.2,1386.0,0,36.3,63.7,27.5,89.6,1,1,Moderate Monsoon,Maticao/Maticol Main Source (Matin ao),Malapoc Norte
3764.3,1506.2,1386.0,0,25.2,51.5,25.3,90.7,1,1,Moderate Monsoon,Maticao/Maticol Main Source (Matin ao),Malapoc Norte
3764.3,1506.2,1386.0,0,98.3,179.2,24.6,96.5,1,1,Severe Storm Runoff,Maticao/Maticol Main Source (Matin ao),Malapoc Norte
3764.3,1506.2,1386.0,0,96.8,173.4,23.3,92.4,1,1,Severe Storm Runoff,Maticao/Maticol Main Source (Matin ao),Malapoc Norte
4830.3,2611.5,772.4,0,1.2,2.5,32.4,67.8,1,0,Dry / Normal,Mauwang reservior (no sample),Malapoc Norte
4830.3,2611.5,772.4,0,4.9,7.6,28.9,75.3,1,0,Dry / Normal,Mauwang reservior (no sample),Malapoc Norte
4830.3,2611.5,772.4,0,34.8,54.8,26.9,88.6,1,0,Moderate Monsoon,Mauwang reservior (no sample),Malapoc Norte
4830.3,2611.5,772.4,0,21.9,51.8,28.4,87.8,1,0,Moderate Monsoon,Mauwang reservior (no sample),Malapoc Norte
4830.3,2611.5,772.4,0,74.0,148.0,23.3,92.2,1,1,Severe Storm Runoff,Mauwang reservior (no sample),Malapoc Norte
4830.3,2611.5,772.4,0,78.0,141.1,26.0,97.1,1,1,Severe Storm Runoff,Mauwang reservior (no sample),Malapoc Norte
4716.7,2559.9,553.7,0,3.7,7.1,29.7,69.8,1,1,Dry / Normal,KA ODANG MAIN SOURCE RESERVOIR,Malapoc Norte
4716.7,2559.9,553.7,0,4.9,5.2,32.3,72.5,1,1,Dry / Normal,KA ODANG MAIN SOURCE RESERVOIR,Malapoc Norte
4716.7,2559.9,553.7,0,28.2,52.7,26.7,90.5,1,1,Moderate Monsoon,KA ODANG MAIN SOURCE RESERVOIR,Malapoc Norte
4716.7,2559.9,553.7,0,42.0,60.4,26.0,87.1,1,1,Moderate Monsoon,KA ODANG MAIN SOURCE RESERVOIR,Malapoc Norte
4716.7,2559.9,553.7,0,123.9,174.4,25.2,96.4,1,1,Severe Storm Runoff,KA ODANG MAIN SOURCE RESERVOIR,Malapoc Norte
4716.7,2559.9,553.7,0,111.3,157.9,25.5,98.4,1,1,Severe Storm Runoff,KA ODANG MAIN SOURCE RESERVOIR,Malapoc Norte
4186.8,1803.2,1640.9,0,0.9,2.8,32.9,67.4,0,1,Dry / Normal,Ka Paeng Spring (not drinkable),Malapoc Norte
4186.8,1803.2,1640.9,0,4.3,8.2,29.2,76.3,0,1,Dry / Normal,Ka Paeng Spring (not drinkable),Malapoc Norte
4186.8,1803.2,1640.9,0,28.4,48.7,26.3,87.1,0,1,Moderate Monsoon,Ka Paeng Spring (not drinkable),Malapoc Norte
4186.8,1803.2,1640.9,0,19.9,37.7,28.4,83.1,0,1,Moderate Monsoon,Ka Paeng Spring (not drinkable),Malapoc Norte
4186.8,1803.2,1640.9,0,106.0,162.3,25.7,92.9,0,1,Severe Storm Runoff,Ka Paeng Spring (not drinkable),Malapoc Norte
4186.8,1803.2,1640.9,0,127.9,190.6,23.8,92.5,0,1,Severe Storm Runoff,Ka Paeng Spring (not drinkable),Malapoc Norte
4105.7,1698.7,1752.6,0,0.8,5.0,29.7,75.8,1,1,Dry / Normal,MN Piggery,Malapoc Norte
4105.7,1698.7,1752.6,0,2.2,4.2,31.1,74.2,1,1,Dry / Normal,MN Piggery,Malapoc Norte
4105.7,1698.7,1752.6,0,20.0,33.4,25.1,88.8,1,1,Moderate Monsoon,MN Piggery,Malapoc Norte
4105.7,1698.7,1752.6,0,34.9,54.4,28.0,89.7,1,1,Moderate Monsoon,MN Piggery,Malapoc Norte
4105.7,1698.7,1752.6,0,101.0,184.4,23.7,92.8,1,1,Severe Storm Runoff,MN Piggery,Malapoc Norte
4105.7,1698.7,1752.6,0,78.9,121.8,24.9,98.6,1,1,Severe Storm Runoff,MN Piggery,Malapoc Norte
4326.0,1797.4,2450.7,0,0.2,1.2,30.3,77.1,3,1,Dry / Normal,San Lorenzo faucet,Malapoc Norte
4326.0,1797.4,2450.7,0,1.6,5.7,28.2,66.9,3,1,Dry / Normal,San Lorenzo faucet,Malapoc Norte
4326.0,1797.4,2450.7,0,44.6,73.9,25.0,91.4,3,1,Moderate Monsoon,San Lorenzo faucet,Malapoc Norte
4326.0,1797.4,2450.7,0,34.2,61.6,26.6,86.2,3,1,Moderate Monsoon,San Lorenzo faucet,Malapoc Norte
4326.0,1797.4,2450.7,0,94.2,167.5,23.5,92.2,3,0,Severe Storm Runoff,San Lorenzo faucet,Malapoc Norte
4326.0,1797.4,2450.7,0,81.6,156.8,23.7,96.7,3,0,Severe Storm Runoff,San Lorenzo faucet,Malapoc Norte
4065.2,1616.7,1932.9,0,4.8,5.6,31.4,70.8,1,1,Dry / Normal,Kapaeng 1st tank,Malapoc Norte
4065.2,1616.7,1932.9,0,4.3,5.7,31.5,75.9,1,1,Dry / Normal,Kapaeng 1st tank,Malapoc Norte
4065.2,1616.7,1932.9,0,43.3,67.0,26.7,87.4,1,1,Moderate Monsoon,Kapaeng 1st tank,Malapoc Norte
4065.2,1616.7,1932.9,0,41.1,62.5,25.1,91.2,1,1,Moderate Monsoon,Kapaeng 1st tank,Malapoc Norte
4065.2,1616.7,1932.9,0,108.3,182.1,23.8,96.6,1,1,Severe Storm Runoff,Kapaeng 1st tank,Malapoc Norte
4065.2,1616.7,1932.9,0,87.6,160.2,23.4,96.6,1,1,Severe Storm Runoff,Kapaeng 1st tank,Malapoc Norte
3677.3,1574.3,1079.5,0,5.0,5.4,32.9,70.3,0,1,Dry / Normal,Tomas Spring (Purok 3),Malapoc Norte
3677.3,1574.3,1079.5,0,4.4,10.7,30.8,74.6,0,1,Dry / Normal,Tomas Spring (Purok 3),Malapoc Norte
3677.3,1574.3,1079.5,0,41.4,59.5,26.1,88.0,0,1,Moderate Monsoon,Tomas Spring (Purok 3),Malapoc Norte
3677.3,1574.3,1079.5,0,39.2,64.4,27.8,85.2,0,1,Moderate Monsoon,Tomas Spring (Purok 3),Malapoc Norte
3677.3,1574.3,1079.5,0,117.2,163.2,24.9,92.0,0,1,Severe Storm Runoff,Tomas Spring (Purok 3),Malapoc Norte
3677.3,1574.3,1079.5,0,82.7,141.0,24.4,96.9,0,1,Severe Storm Runoff,Tomas Spring (Purok 3),Malapoc Norte
2850.0,781.0,1822.8,0,1.9,5.5,29.2,69.9,1,0,Dry / Normal,MS Malapoc Sur(no sample),Malapoc Sur
2850.0,781.0,1822.8,0,1.1,1.7,31.0,73.7,1,0,Dry / Normal,MS Malapoc Sur(no sample),Malapoc Sur
2850.0,781.0,1822.8,0,33.6,52.9,26.3,90.4,1,0,Moderate Monsoon,MS Malapoc Sur(no sample),Malapoc Sur
2850.0,781.0,1822.8,0,30.6,50.2,25.1,84.1,1,0,Moderate Monsoon,MS Malapoc Sur(no sample),Malapoc Sur
2850.0,781.0,1822.8,0,86.6,146.5,25.0,95.7,1,1,Severe Storm Runoff,MS Malapoc Sur(no sample),Malapoc Sur
2850.0,781.0,1822.8,0,102.6,180.8,25.8,97.0,1,1,Severe Storm Runoff,MS Malapoc Sur(no sample),Malapoc Sur
2849.8,780.4,1822.7,0,4.8,4.9,29.0,65.1,1,1,Dry / Normal,Ms Malapoc Sur Sandajong(1 sample),Malapoc Sur
2849.8,780.4,1822.7,0,3.2,10.4,29.2,77.1,1,1,Dry / Normal,Ms Malapoc Sur Sandajong(1 sample),Malapoc Sur
2849.8,780.4,1822.7,0,16.8,45.5,26.2,81.2,1,1,Moderate Monsoon,Ms Malapoc Sur Sandajong(1 sample),Malapoc Sur
2849.8,780.4,1822.7,0,29.6,44.7,26.0,83.7,1,1,Moderate Monsoon,Ms Malapoc Sur Sandajong(1 sample),Malapoc Sur
2849.8,780.4,1822.7,0,116.2,183.2,24.1,96.3,1,1,Severe Storm Runoff,Ms Malapoc Sur Sandajong(1 sample),Malapoc Sur
2849.8,780.4,1822.7,0,110.1,163.7,24.4,92.9,1,1,Severe Storm Runoff,Ms Malapoc Sur Sandajong(1 sample),Malapoc Sur
2480.9,550.0,2296.2,0,0.9,6.3,28.9,71.8,1,0,Dry / Normal,Ms Malapoc Sur Sandajong Tub (1 SAMPLE),Malapoc Sur
2480.9,550.0,2296.2,0,3.5,4.4,30.8,68.3,1,0,Dry / Normal,Ms Malapoc Sur Sandajong Tub (1 SAMPLE),Malapoc Sur
2480.9,550.0,2296.2,0,43.9,63.6,27.8,86.6,1,0,Moderate Monsoon,Ms Malapoc Sur Sandajong Tub (1 SAMPLE),Malapoc Sur
2480.9,550.0,2296.2,0,16.3,39.0,28.3,87.2,1,0,Moderate Monsoon,Ms Malapoc Sur Sandajong Tub (1 SAMPLE),Malapoc Sur
2480.9,550.0,2296.2,0,117.3,201.5,23.8,93.5,1,1,Severe Storm Runoff,Ms Malapoc Sur Sandajong Tub (1 SAMPLE),Malapoc Sur
2480.9,550.0,2296.2,0,102.8,163.4,25.9,98.3,1,1,Severe Storm Runoff,Ms Malapoc Sur Sandajong Tub (1 SAMPLE),Malapoc Sur
2794.7,512.1,2220.4,0,1.8,3.7,31.9,68.6,1,0,Dry / Normal,Ms Malapoc Sur Sandajong exist (1 SAMPLE),Malapoc Sur
2794.7,512.1,2220.4,0,4.1,7.5,31.3,66.2,1,0,Dry / Normal,Ms Malapoc Sur Sandajong exist (1 SAMPLE),Malapoc Sur
2794.7,512.1,2220.4,0,33.7,52.7,27.1,82.0,1,0,Moderate Monsoon,Ms Malapoc Sur Sandajong exist (1 SAMPLE),Malapoc Sur
2794.7,512.1,2220.4,0,37.1,64.4,25.8,81.1,1,0,Moderate Monsoon,Ms Malapoc Sur Sandajong exist (1 SAMPLE),Malapoc Sur
2794.7,512.1,2220.4,0,61.7,133.8,25.1,95.8,1,1,Severe Storm Runoff,Ms Malapoc Sur Sandajong exist (1 SAMPLE),Malapoc Sur
2794.7,512.1,2220.4,0,76.2,135.7,25.1,95.5,1,1,Severe Storm Runoff,Ms Malapoc Sur Sandajong exist (1 SAMPLE),Malapoc Sur
2598.2,384.8,2343.7,0,4.9,6.0,31.5,70.3,1,0,Dry / Normal,MS Mother tank (1 Sample),Malapoc Sur
2598.2,384.8,2343.7,0,2.1,7.8,31.5,77.9,1,0,Dry / Normal,MS Mother tank (1 Sample),Malapoc Sur
2598.2,384.8,2343.7,0,18.9,31.0,27.5,86.9,1,0,Moderate Monsoon,MS Mother tank (1 Sample),Malapoc Sur
2598.2,384.8,2343.7,0,23.2,34.8,25.3,90.7,1,0,Moderate Monsoon,MS Mother tank (1 Sample),Malapoc Sur
2598.2,384.8,2343.7,0,73.4,129.6,23.8,94.5,1,1,Severe Storm Runoff,MS Mother tank (1 Sample),Malapoc Sur
2598.2,384.8,2343.7,0,64.9,130.9,23.2,97.6,1,1,Severe Storm Runoff,MS Mother tank (1 Sample),Malapoc Sur
2617.8,401.1,2325.5,0,1.2,5.5,32.4,73.5,1,0,Dry / Normal,MS Purok 3 Katugasan (sample),Malapoc Sur
2617.8,401.1,2325.5,0,2.7,5.3,29.7,73.7,1,0,Dry / Normal,MS Purok 3 Katugasan (sample),Malapoc Sur
2617.8,401.1,2325.5,0,44.8,68.0,27.0,88.8,1,0,Moderate Monsoon,MS Purok 3 Katugasan (sample),Malapoc Sur
2617.8,401.1,2325.5,0,29.0,40.2,27.0,91.5,1,0,Moderate Monsoon,MS Purok 3 Katugasan (sample),Malapoc Sur
2617.8,401.1,2325.5,0,72.3,146.8,23.7,95.8,1,1,Severe Storm Runoff,MS Purok 3 Katugasan (sample),Malapoc Sur
2617.8,401.1,2325.5,0,66.8,129.3,25.6,94.4,1,1,Severe Storm Runoff,MS Purok 3 Katugasan (sample),Malapoc Sur
2609.1,391.6,2335.4,0,3.3,9.7,32.6,68.1,1,0,Dry / Normal,MS Purok 2 MSNHS (1sample),Malapoc Sur
2609.1,391.6,2335.4,0,2.0,3.2,33.0,77.1,1,0,Dry / Normal,MS Purok 2 MSNHS (1sample),Malapoc Sur
2609.1,391.6,2335.4,0,31.2,58.0,26.8,87.5,1,0,Moderate Monsoon,MS Purok 2 MSNHS (1sample),Malapoc Sur
2609.1,391.6,2335.4,0,17.7,42.8,25.4,89.9,1,0,Moderate Monsoon,MS Purok 2 MSNHS (1sample),Malapoc Sur
2609.1,391.6,2335.4,0,114.7,190.1,23.1,94.1,1,1,Severe Storm Runoff,MS Purok 2 MSNHS (1sample),Malapoc Sur
2609.1,391.6,2335.4,0,78.4,136.4,23.3,98.6,1,1,Severe Storm Runoff,MS Purok 2 MSNHS (1sample),Malapoc Sur
2619.3,413.4,2314.7,0,2.8,5.2,30.0,70.8,1,0,Dry / Normal,MS Ka Tidol (1 sample),Malapoc Sur
2619.3,413.4,2314.7,0,3.0,7.1,32.6,71.5,1,0,Dry / Normal,MS Ka Tidol (1 sample),Malapoc Sur
2619.3,413.4,2314.7,0,44.8,71.8,25.7,91.2,1,0,Moderate Monsoon,MS Ka Tidol (1 sample),Malapoc Sur
2619.3,413.4,2314.7,0,18.5,44.8,26.3,90.5,1,0,Moderate Monsoon,MS Ka Tidol (1 sample),Malapoc Sur
2619.3,413.4,2314.7,0,120.8,201.1,25.8,94.1,1,1,Severe Storm Runoff,MS Ka Tidol (1 sample),Malapoc Sur
2619.3,413.4,2314.7,0,65.7,125.8,23.6,96.9,1,1,Severe Storm Runoff,MS Ka Tidol (1 sample),Malapoc Sur
2389.8,222.8,2558.2,0,1.7,9.5,31.2,75.7,1,0,Dry / Normal,MS Piggery back Mnhs,Malapoc Sur
2389.8,222.8,2558.2,0,0.7,7.6,32.6,71.3,1,0,Dry / Normal,MS Piggery back Mnhs,Malapoc Sur
2389.8,222.8,2558.2,0,33.2,58.5,25.6,86.0,1,0,Moderate Monsoon,MS Piggery back Mnhs,Malapoc Sur
2389.8,222.8,2558.2,0,27.0,39.9,26.3,80.8,1,0,Moderate Monsoon,MS Piggery back Mnhs,Malapoc Sur
2389.8,222.8,2558.2,0,61.8,108.6,26.4,95.8,1,1,Severe Storm Runoff,MS Piggery back Mnhs,Malapoc Sur
2389.8,222.8,2558.2,0,127.6,189.2,24.1,95.5,1,1,Severe Storm Runoff,MS Piggery back Mnhs,Malapoc Sur
2347.5,163.1,2632.3,0,2.2,3.0,31.2,67.8,0,0,Dry / Normal,MS Spring Water Purok 2 (1sample),Malapoc Sur
2347.5,163.1,2632.3,0,3.1,8.3,28.8,65.8,0,0,Dry / Normal,MS Spring Water Purok 2 (1sample),Malapoc Sur
2347.5,163.1,2632.3,0,38.4,57.6,25.2,91.9,0,1,Moderate Monsoon,MS Spring Water Purok 2 (1sample),Malapoc Sur
2347.5,163.1,2632.3,0,16.7,40.6,28.4,82.9,0,0,Moderate Monsoon,MS Spring Water Purok 2 (1sample),Malapoc Sur
2347.5,163.1,2632.3,0,70.0,116.1,24.1,92.7,0,1,Severe Storm Runoff,MS Spring Water Purok 2 (1sample),Malapoc Sur
2347.5,163.1,2632.3,0,108.5,151.6,24.8,99.0,0,1,Severe Storm Runoff,MS Spring Water Purok 2 (1sample),Malapoc Sur
2490.3,345.3,2415.0,0,4.1,9.0,29.5,73.1,1,0,Dry / Normal,MS tank no water (1 SAMPLE),Malapoc Sur
2490.3,345.3,2415.0,0,2.6,6.0,28.7,76.5,1,0,Dry / Normal,MS tank no water (1 SAMPLE),Malapoc Sur
2490.3,345.3,2415.0,0,28.5,42.4,26.3,85.0,1,0,Moderate Monsoon,MS tank no water (1 SAMPLE),Malapoc Sur
2490.3,345.3,2415.0,0,39.8,64.5,27.7,80.1,1,0,Moderate Monsoon,MS tank no water (1 SAMPLE),Malapoc Sur
2490.3,345.3,2415.0,0,89.1,153.2,23.1,93.8,1,1,Severe Storm Runoff,MS tank no water (1 SAMPLE),Malapoc Sur
2490.3,345.3,2415.0,0,113.2,160.1,24.9,93.5,1,1,Severe Storm Runoff,MS tank no water (1 SAMPLE),Malapoc Sur
5000.0,3941.8,2295.1,0,0.1,2.0,32.9,75.4,0,0,Dry / Normal,A. Amagus Spring Purok 4 Source,Matin-ao
5000.0,3941.8,2295.1,0,4.8,8.7,28.5,72.1,0,0,Dry / Normal,A. Amagus Spring Purok 4 Source,Matin-ao
5000.0,3941.8,2295.1,0,28.6,55.5,25.3,85.9,0,1,Moderate Monsoon,A. Amagus Spring Purok 4 Source,Matin-ao
5000.0,3941.8,2295.1,0,19.5,36.0,27.6,85.7,0,0,Moderate Monsoon,A. Amagus Spring Purok 4 Source,Matin-ao
5000.0,3941.8,2295.1,0,86.3,146.0,24.6,97.5,0,1,Severe Storm Runoff,A. Amagus Spring Purok 4 Source,Matin-ao
5000.0,3941.8,2295.1,0,122.4,210.2,25.8,94.2,0,1,Severe Storm Runoff,A. Amagus Spring Purok 4 Source,Matin-ao
5000.0,3933.8,2292.3,0,3.4,6.9,29.3,75.9,0,0,Dry / Normal,Marcelo main spring Intect box(no sample),Matin-ao
5000.0,3933.8,2292.3,0,0.2,7.4,30.3,73.3,0,0,Dry / Normal,Marcelo main spring Intect box(no sample),Matin-ao
5000.0,3933.8,2292.3,0,34.8,62.7,27.2,87.4,0,1,Moderate Monsoon,Marcelo main spring Intect box(no sample),Matin-ao
5000.0,3933.8,2292.3,0,17.0,37.4,25.5,88.8,0,0,Moderate Monsoon,Marcelo main spring Intect box(no sample),Matin-ao
5000.0,3933.8,2292.3,0,95.9,169.9,23.1,92.6,0,1,Severe Storm Runoff,Marcelo main spring Intect box(no sample),Matin-ao
5000.0,3933.8,2292.3,0,110.1,153.7,23.2,92.1,0,1,Severe Storm Runoff,Marcelo main spring Intect box(no sample),Matin-ao
5000.0,4180.1,2329.2,0,4.8,10.7,29.8,68.9,1,0,Dry / Normal,B. Marcelo first concrete tank,Matin-ao
5000.0,4180.1,2329.2,0,1.7,7.9,31.3,67.4,1,0,Dry / Normal,B. Marcelo first concrete tank,Matin-ao
5000.0,4180.1,2329.2,0,20.2,32.2,27.3,89.2,1,0,Moderate Monsoon,B. Marcelo first concrete tank,Matin-ao
5000.0,4180.1,2329.2,0,23.0,33.4,25.3,91.6,1,0,Moderate Monsoon,B. Marcelo first concrete tank,Matin-ao
5000.0,4180.1,2329.2,0,80.7,159.2,25.2,94.7,1,1,Severe Storm Runoff,B. Marcelo first concrete tank,Matin-ao
5000.0,4180.1,2329.2,0,74.4,120.5,25.2,97.4,1,1,Severe Storm Runoff,B. Marcelo first concrete tank,Matin-ao
5000.0,3952.1,2374.8,0,3.2,7.4,28.2,77.6,0,0,Dry / Normal,C. 3rd tank from minte spring purok 4 inside church,Matin-ao
5000.0,3952.1,2374.8,0,4.0,6.3,32.9,72.8,0,0,Dry / Normal,C. 3rd tank from minte spring purok 4 inside church,Matin-ao
5000.0,3952.1,2374.8,0,32.5,57.5,27.8,87.9,0,1,Moderate Monsoon,C. 3rd tank from minte spring purok 4 inside church,Matin-ao
5000.0,3952.1,2374.8,0,18.8,35.6,28.2,82.7,0,0,Moderate Monsoon,C. 3rd tank from minte spring purok 4 inside church,Matin-ao
5000.0,3952.1,2374.8,0,86.1,147.7,24.5,96.3,0,1,Severe Storm Runoff,C. 3rd tank from minte spring purok 4 inside church,Matin-ao
5000.0,3952.1,2374.8,0,126.0,178.0,23.4,93.4,0,1,Severe Storm Runoff,C. 3rd tank from minte spring purok 4 inside church,Matin-ao
5000.0,3827.2,2098.3,0,4.4,9.6,29.4,75.6,1,0,Dry / Normal,Casivera likod sa barangay hall(no sample),Matin-ao
5000.0,3827.2,2098.3,0,4.3,11.1,32.6,68.3,1,0,Dry / Normal,Casivera likod sa barangay hall(no sample),Matin-ao
5000.0,3827.2,2098.3,0,37.7,56.9,27.9,88.7,1,0,Moderate Monsoon,Casivera likod sa barangay hall(no sample),Matin-ao
5000.0,3827.2,2098.3,0,38.3,61.4,25.6,86.5,1,0,Moderate Monsoon,Casivera likod sa barangay hall(no sample),Matin-ao
5000.0,3827.2,2098.3,0,128.9,215.8,23.2,93.2,1,1,Severe Storm Runoff,Casivera likod sa barangay hall(no sample),Matin-ao
5000.0,3827.2,2098.3,0,69.2,145.5,25.9,93.5,1,1,Severe Storm Runoff,Casivera likod sa barangay hall(no sample),Matin-ao
5000.0,3834.8,2069.7,0,2.5,9.2,31.7,72.0,0,1,Dry / Normal,D. Casivera main spring,Matin-ao
5000.0,3834.8,2069.7,0,3.0,7.1,29.5,72.3,0,1,Dry / Normal,D. Casivera main spring,Matin-ao
5000.0,3834.8,2069.7,0,35.7,63.2,27.2,89.1,0,1,Moderate Monsoon,D. Casivera main spring,Matin-ao
5000.0,3834.8,2069.7,0,19.8,39.0,25.0,83.0,0,1,Moderate Monsoon,D. Casivera main spring,Matin-ao
5000.0,3834.8,2069.7,0,110.9,200.5,23.3,94.8,0,1,Severe Storm Runoff,D. Casivera main spring,Matin-ao
5000.0,3834.8,2069.7,0,116.0,166.2,24.9,97.1,0,1,Severe Storm Runoff,D. Casivera main spring,Matin-ao
5000.0,3831.0,2067.8,0,3.1,4.6,29.8,75.2,3,0,Dry / Normal,E. Faucet from basil purok 2,Matin-ao
5000.0,3831.0,2067.8,0,2.8,2.8,31.8,65.5,3,0,Dry / Normal,E. Faucet from basil purok 2,Matin-ao
5000.0,3831.0,2067.8,0,37.4,51.4,28.4,84.4,3,0,Moderate Monsoon,E. Faucet from basil purok 2,Matin-ao
5000.0,3831.0,2067.8,0,24.8,37.8,26.1,90.5,3,0,Moderate Monsoon,E. Faucet from basil purok 2,Matin-ao
5000.0,3831.0,2067.8,0,129.7,188.1,24.6,97.1,3,0,Severe Storm Runoff,E. Faucet from basil purok 2,Matin-ao
5000.0,3831.0,2067.8,0,122.0,191.7,24.4,94.9,3,0,Severe Storm Runoff,E. Faucet from basil purok 2,Matin-ao
5000.0,3983.8,2135.9,0,3.5,3.5,31.1,69.6,0,0,Dry / Normal,F. Yuni spring,Matin-ao
5000.0,3983.8,2135.9,0,4.0,4.7,30.9,71.3,0,0,Dry / Normal,F. Yuni spring,Matin-ao
5000.0,3983.8,2135.9,0,34.3,45.6,27.0,86.7,0,0,Moderate Monsoon,F. Yuni spring,Matin-ao
5000.0,3983.8,2135.9,0,31.8,53.9,27.4,89.7,0,1,Moderate Monsoon,F. Yuni spring,Matin-ao
5000.0,3983.8,2135.9,0,78.9,160.2,24.7,92.5,0,1,Severe Storm Runoff,F. Yuni spring,Matin-ao
5000.0,3983.8,2135.9,0,64.1,120.8,25.7,97.0,0,1,Severe Storm Runoff,F. Yuni spring,Matin-ao
5000.0,3678.6,1481.3,0,3.9,8.0,30.2,66.9,0,1,Dry / Normal,"sungkol spring, main source",Matin-ao
5000.0,3678.6,1481.3,0,1.6,5.1,28.4,67.9,0,1,Dry / Normal,"sungkol spring, main source",Matin-ao
5000.0,3678.6,1481.3,0,32.9,57.6,28.5,91.2,0,1,Moderate Monsoon,"sungkol spring, main source",Matin-ao
5000.0,3678.6,1481.3,0,34.3,52.7,27.2,89.4,0,1,Moderate Monsoon,"sungkol spring, main source",Matin-ao
5000.0,3678.6,1481.3,0,68.3,128.8,25.9,94.7,0,1,Severe Storm Runoff,"sungkol spring, main source",Matin-ao
5000.0,3678.6,1481.3,0,100.0,169.4,23.6,94.5,0,1,Severe Storm Runoff,"sungkol spring, main source",Matin-ao
2243.6,3534.8,5000.0,0,1.7,1.9,28.1,75.8,1,0,Dry / Normal,Purok Mahogani deep well Reservoir Main Source,Rizal
2243.6,3534.8,5000.0,0,1.4,5.5,29.5,77.2,1,0,Dry / Normal,Purok Mahogani deep well Reservoir Main Source,Rizal
2243.6,3534.8,5000.0,0,22.8,41.4,28.1,90.1,1,0,Moderate Monsoon,Purok Mahogani deep well Reservoir Main Source,Rizal
2243.6,3534.8,5000.0,0,20.6,46.7,26.6,85.8,1,0,Moderate Monsoon,Purok Mahogani deep well Reservoir Main Source,Rizal
2243.6,3534.8,5000.0,0,69.3,113.3,25.5,95.5,1,1,Severe Storm Runoff,Purok Mahogani deep well Reservoir Main Source,Rizal
2243.6,3534.8,5000.0,0,90.6,167.1,25.7,93.1,1,1,Severe Storm Runoff,Purok Mahogani deep well Reservoir Main Source,Rizal
2268.4,3551.6,5000.0,0,3.1,4.2,31.8,73.5,2,0,Dry / Normal,First Faucet from Source deepwell Purok Mahogani (1 sample),Rizal
2268.4,3551.6,5000.0,0,4.8,5.4,28.3,68.7,2,0,Dry / Normal,First Faucet from Source deepwell Purok Mahogani (1 sample),Rizal
2268.4,3551.6,5000.0,0,22.9,37.8,28.2,83.0,2,0,Moderate Monsoon,First Faucet from Source deepwell Purok Mahogani (1 sample),Rizal
2268.4,3551.6,5000.0,0,23.2,48.4,26.6,89.3,2,0,Moderate Monsoon,First Faucet from Source deepwell Purok Mahogani (1 sample),Rizal
2268.4,3551.6,5000.0,0,64.6,129.0,23.1,92.4,2,0,Severe Storm Runoff,First Faucet from Source deepwell Purok Mahogani (1 sample),Rizal
2268.4,3551.6,5000.0,0,123.5,170.5,24.9,94.9,2,0,Severe Storm Runoff,First Faucet from Source deepwell Purok Mahogani (1 sample),Rizal
2682.6,3717.6,5000.0,0,1.7,8.9,28.1,73.6,2,0,Dry / Normal,Cirelo Jetmatic Pump Purok Mahogani(1 sample) B,Rizal
2682.6,3717.6,5000.0,0,4.8,9.3,32.7,65.7,2,0,Dry / Normal,Cirelo Jetmatic Pump Purok Mahogani(1 sample) B,Rizal
2682.6,3717.6,5000.0,0,27.6,42.8,27.6,91.8,2,0,Moderate Monsoon,Cirelo Jetmatic Pump Purok Mahogani(1 sample) B,Rizal
2682.6,3717.6,5000.0,0,22.7,45.8,25.7,86.8,2,0,Moderate Monsoon,Cirelo Jetmatic Pump Purok Mahogani(1 sample) B,Rizal
2682.6,3717.6,5000.0,0,92.5,181.1,25.1,94.4,2,0,Severe Storm Runoff,Cirelo Jetmatic Pump Purok Mahogani(1 sample) B,Rizal
2682.6,3717.6,5000.0,0,68.0,115.6,23.8,93.8,2,0,Severe Storm Runoff,Cirelo Jetmatic Pump Purok Mahogani(1 sample) B,Rizal
2677.4,3714.3,5000.0,0,4.3,8.8,30.6,66.5,2,0,Dry / Normal,Deep well source purok mahoganu no sample,Rizal
2677.4,3714.3,5000.0,0,4.3,10.1,28.3,74.2,2,0,Dry / Normal,Deep well source purok mahoganu no sample,Rizal
2677.4,3714.3,5000.0,0,31.3,42.9,26.6,85.8,2,0,Moderate Monsoon,Deep well source purok mahoganu no sample,Rizal
2677.4,3714.3,5000.0,0,20.0,48.9,28.0,88.0,2,0,Moderate Monsoon,Deep well source purok mahoganu no sample,Rizal
2677.4,3714.3,5000.0,0,92.4,153.0,25.3,95.8,2,0,Severe Storm Runoff,Deep well source purok mahoganu no sample,Rizal
2677.4,3714.3,5000.0,0,64.4,130.0,25.8,95.2,2,0,Severe Storm Runoff,Deep well source purok mahoganu no sample,Rizal
3224.1,4148.6,5000.0,0,0.3,6.6,29.0,68.4,0,1,Dry / Normal,Victor Spring Purok nangka (1 sample) C,Rizal
3224.1,4148.6,5000.0,0,0.8,3.4,31.8,71.8,0,1,Dry / Normal,Victor Spring Purok nangka (1 sample) C,Rizal
3224.1,4148.6,5000.0,0,21.1,48.7,28.1,90.4,0,1,Moderate Monsoon,Victor Spring Purok nangka (1 sample) C,Rizal
3224.1,4148.6,5000.0,0,22.2,41.2,28.4,89.3,0,1,Moderate Monsoon,Victor Spring Purok nangka (1 sample) C,Rizal
3224.1,4148.6,5000.0,0,61.9,105.2,24.6,98.4,0,1,Severe Storm Runoff,Victor Spring Purok nangka (1 sample) C,Rizal
3224.1,4148.6,5000.0,0,97.7,162.6,23.4,96.6,0,1,Severe Storm Runoff,Victor Spring Purok nangka (1 sample) C,Rizal
3275.6,4133.0,5000.0,0,4.1,7.1,31.9,77.5,0,0,Dry / Normal,Victor Spring 2 Purok nangka (1 sample) D,Rizal
3275.6,4133.0,5000.0,0,1.0,5.2,29.4,75.3,0,0,Dry / Normal,Victor Spring 2 Purok nangka (1 sample) D,Rizal
3275.6,4133.0,5000.0,0,32.3,55.0,27.8,84.8,0,1,Moderate Monsoon,Victor Spring 2 Purok nangka (1 sample) D,Rizal
3275.6,4133.0,5000.0,0,42.5,63.2,25.6,88.4,0,1,Moderate Monsoon,Victor Spring 2 Purok nangka (1 sample) D,Rizal
3275.6,4133.0,5000.0,0,115.5,171.3,26.0,98.3,0,1,Severe Storm Runoff,Victor Spring 2 Purok nangka (1 sample) D,Rizal
3275.6,4133.0,5000.0,0,79.4,168.6,23.5,93.4,0,1,Severe Storm Runoff,Victor Spring 2 Purok nangka (1 sample) D,Rizal
3614.1,4875.8,5000.0,0,0.9,8.1,31.3,67.0,0,1,Dry / Normal,Catiyong spring E 1 sample,Rizal
3614.1,4875.8,5000.0,0,2.2,7.1,28.4,76.5,0,1,Dry / Normal,Catiyong spring E 1 sample,Rizal
3614.1,4875.8,5000.0,0,39.1,59.2,28.4,85.0,0,1,Moderate Monsoon,Catiyong spring E 1 sample,Rizal
3614.1,4875.8,5000.0,0,44.5,67.9,27.2,82.0,0,1,Moderate Monsoon,Catiyong spring E 1 sample,Rizal
3614.1,4875.8,5000.0,0,121.7,183.1,23.6,92.1,0,1,Severe Storm Runoff,Catiyong spring E 1 sample,Rizal
3614.1,4875.8,5000.0,0,99.2,165.6,25.5,98.2,0,1,Severe Storm Runoff,Catiyong spring E 1 sample,Rizal
1468.9,3000.8,5000.0,0,0.4,6.3,28.9,76.2,1,0,Dry / Normal,Rizal Water System Purok Acasia 1 sample F,Rizal
1468.9,3000.8,5000.0,0,4.1,8.4,31.6,69.1,1,0,Dry / Normal,Rizal Water System Purok Acasia 1 sample F,Rizal
1468.9,3000.8,5000.0,0,29.1,55.5,26.6,84.3,1,0,Moderate Monsoon,Rizal Water System Purok Acasia 1 sample F,Rizal
1468.9,3000.8,5000.0,0,29.8,56.4,26.2,82.1,1,0,Moderate Monsoon,Rizal Water System Purok Acasia 1 sample F,Rizal
1468.9,3000.8,5000.0,0,109.8,191.1,23.4,93.7,1,1,Severe Storm Runoff,Rizal Water System Purok Acasia 1 sample F,Rizal
1468.9,3000.8,5000.0,0,69.9,127.3,24.6,97.2,1,1,Severe Storm Runoff,Rizal Water System Purok Acasia 1 sample F,Rizal
44.1,1647.3,4558.4,1,3.3,8.3,29.8,75.9,0,1,Dry / Normal,Elihan Spring (Main Source Intake Box),San Isidro
44.1,1647.3,4558.4,1,2.4,10.2,31.2,66.6,0,1,Dry / Normal,Elihan Spring (Main Source Intake Box),San Isidro
44.1,1647.3,4558.4,1,35.3,51.8,27.4,80.8,0,1,Moderate Monsoon,Elihan Spring (Main Source Intake Box),San Isidro
44.1,1647.3,4558.4,1,20.2,47.3,25.8,90.0,0,1,Moderate Monsoon,Elihan Spring (Main Source Intake Box),San Isidro
44.1,1647.3,4558.4,1,79.5,151.6,25.4,95.6,0,1,Severe Storm Runoff,Elihan Spring (Main Source Intake Box),San Isidro
44.1,1647.3,4558.4,1,81.4,132.0,23.1,94.1,0,1,Severe Storm Runoff,Elihan Spring (Main Source Intake Box),San Isidro
41.0,1664.6,4581.7,1,3.3,10.8,32.4,75.0,1,1,Dry / Normal,Elihan First Tank Reservoir,San Isidro
41.0,1664.6,4581.7,1,3.9,9.2,29.3,76.8,1,1,Dry / Normal,Elihan First Tank Reservoir,San Isidro
41.0,1664.6,4581.7,1,35.1,56.3,25.4,85.4,1,1,Moderate Monsoon,Elihan First Tank Reservoir,San Isidro
41.0,1664.6,4581.7,1,28.8,56.1,26.9,84.6,1,1,Moderate Monsoon,Elihan First Tank Reservoir,San Isidro
41.0,1664.6,4581.7,1,128.4,173.9,24.5,92.3,1,1,Severe Storm Runoff,Elihan First Tank Reservoir,San Isidro
41.0,1664.6,4581.7,1,111.8,197.7,24.0,98.0,1,1,Severe Storm Runoff,Elihan First Tank Reservoir,San Isidro
32.6,1660.7,4563.4,1,1.5,8.8,31.8,75.5,0,1,Dry / Normal,Tagima Spring (Main Source Intake Box),San Isidro
32.6,1660.7,4563.4,1,0.1,7.8,31.6,69.0,0,1,Dry / Normal,Tagima Spring (Main Source Intake Box),San Isidro
32.6,1660.7,4563.4,1,39.9,55.5,28.1,81.4,0,1,Moderate Monsoon,Tagima Spring (Main Source Intake Box),San Isidro
32.6,1660.7,4563.4,1,36.1,56.9,25.3,82.9,0,1,Moderate Monsoon,Tagima Spring (Main Source Intake Box),San Isidro
32.6,1660.7,4563.4,1,60.9,124.3,24.1,96.2,0,1,Severe Storm Runoff,Tagima Spring (Main Source Intake Box),San Isidro
32.6,1660.7,4563.4,1,80.8,135.8,25.6,92.3,0,1,Severe Storm Runoff,Tagima Spring (Main Source Intake Box),San Isidro
31.7,1639.2,4570.0,1,4.5,11.3,31.3,72.7,0,1,Dry / Normal,Buho Spring (Open Main Source),San Isidro
31.7,1639.2,4570.0,1,4.5,6.0,28.4,68.1,0,1,Dry / Normal,Buho Spring (Open Main Source),San Isidro
31.7,1639.2,4570.0,1,38.8,49.5,27.0,91.9,0,1,Moderate Monsoon,Buho Spring (Open Main Source),San Isidro
31.7,1639.2,4570.0,1,40.7,61.1,25.2,90.0,0,1,Moderate Monsoon,Buho Spring (Open Main Source),San Isidro
31.7,1639.2,4570.0,1,101.9,147.6,23.3,98.4,0,1,Severe Storm Runoff,Buho Spring (Open Main Source),San Isidro
31.7,1639.2,4570.0,1,106.8,188.3,26.1,96.0,0,1,Severe Storm Runoff,Buho Spring (Open Main Source),San Isidro
348.9,1350.5,4424.6,0,2.6,6.0,29.6,70.6,0,1,Dry / Normal,Piyay Spring (Open Main Source),San Isidro
348.9,1350.5,4424.6,0,3.9,8.7,32.5,70.8,0,1,Dry / Normal,Piyay Spring (Open Main Source),San Isidro
348.9,1350.5,4424.6,0,33.2,55.8,27.1,88.4,0,1,Moderate Monsoon,Piyay Spring (Open Main Source),San Isidro
348.9,1350.5,4424.6,0,22.1,42.3,25.4,84.6,0,1,Moderate Monsoon,Piyay Spring (Open Main Source),San Isidro
348.9,1350.5,4424.6,0,94.1,166.7,26.3,96.2,0,1,Severe Storm Runoff,Piyay Spring (Open Main Source),San Isidro
348.9,1350.5,4424.6,0,112.1,177.4,25.2,92.5,0,1,Severe Storm Runoff,Piyay Spring (Open Main Source),San Isidro
431.4,1254.1,4169.5,0,1.3,4.2,30.4,65.6,0,1,Dry / Normal,Ka Tano Spring (Open Main Source),San Isidro
431.4,1254.1,4169.5,0,0.7,2.9,32.9,69.3,0,1,Dry / Normal,Ka Tano Spring (Open Main Source),San Isidro
431.4,1254.1,4169.5,0,29.5,43.4,27.1,83.4,0,1,Moderate Monsoon,Ka Tano Spring (Open Main Source),San Isidro
431.4,1254.1,4169.5,0,21.2,41.5,25.0,80.1,0,1,Moderate Monsoon,Ka Tano Spring (Open Main Source),San Isidro
431.4,1254.1,4169.5,0,75.3,117.1,23.4,94.4,0,1,Severe Storm Runoff,Ka Tano Spring (Open Main Source),San Isidro
431.4,1254.1,4169.5,0,116.2,184.8,24.8,94.1,0,1,Severe Storm Runoff,Ka Tano Spring (Open Main Source),San Isidro
114.7,1921.9,4847.6,0,4.7,7.9,28.4,73.0,0,0,Dry / Normal,Waning Spring,San Isidro
114.7,1921.9,4847.6,0,0.6,3.4,30.5,76.4,0,0,Dry / Normal,Waning Spring,San Isidro
114.7,1921.9,4847.6,0,29.8,53.8,28.5,81.6,0,1,Moderate Monsoon,Waning Spring,San Isidro
114.7,1921.9,4847.6,0,23.2,41.1,26.5,84.9,0,0,Moderate Monsoon,Waning Spring,San Isidro
114.7,1921.9,4847.6,0,123.5,199.2,25.1,94.2,0,1,Severe Storm Runoff,Waning Spring,San Isidro
114.7,1921.9,4847.6,0,117.7,205.5,25.9,92.0,0,1,Severe Storm Runoff,Waning Spring,San Isidro
470.2,1253.0,4380.4,0,3.2,3.6,29.3,65.8,2,0,Dry / Normal,Jaylord Jetmatic,San Isidro
470.2,1253.0,4380.4,0,3.0,8.5,28.6,70.0,2,0,Dry / Normal,Jaylord Jetmatic,San Isidro
470.2,1253.0,4380.4,0,28.7,46.1,25.4,85.0,2,0,Moderate Monsoon,Jaylord Jetmatic,San Isidro
470.2,1253.0,4380.4,0,37.5,48.9,25.3,84.3,2,0,Moderate Monsoon,Jaylord Jetmatic,San Isidro
470.2,1253.0,4380.4,0,125.9,199.3,25.4,94.5,2,0,Severe Storm Runoff,Jaylord Jetmatic,San Isidro
470.2,1253.0,4380.4,0,101.6,142.1,25.2,98.4,2,0,Severe Storm Runoff,Jaylord Jetmatic,San Isidro
548.9,1150.3,4051.8,0,3.1,10.1,31.6,66.6,0,1,Dry / Normal,Baler Spring,San Isidro
548.9,1150.3,4051.8,0,4.5,5.0,30.7,66.8,0,1,Dry / Normal,Baler Spring,San Isidro
548.9,1150.3,4051.8,0,15.4,33.8,26.0,85.8,0,1,Moderate Monsoon,Baler Spring,San Isidro
548.9,1150.3,4051.8,0,32.3,43.2,25.4,86.7,0,1,Moderate Monsoon,Baler Spring,San Isidro
548.9,1150.3,4051.8,0,84.0,160.5,25.3,97.9,0,1,Severe Storm Runoff,Baler Spring,San Isidro
548.9,1150.3,4051.8,0,108.5,170.0,25.4,93.9,0,1,Severe Storm Runoff,Baler Spring,San Isidro
729.9,1016.1,3866.3,0,1.5,7.8,30.2,75.4,2,0,Dry / Normal,Ramon Jetmatic,San Isidro
729.9,1016.1,3866.3,0,4.1,11.0,32.6,70.6,2,0,Dry / Normal,Ramon Jetmatic,San Isidro
729.9,1016.1,3866.3,0,24.6,46.2,26.3,87.2,2,0,Moderate Monsoon,Ramon Jetmatic,San Isidro
729.9,1016.1,3866.3,0,36.2,60.0,26.3,82.0,2,0,Moderate Monsoon,Ramon Jetmatic,San Isidro
729.9,1016.1,3866.3,0,90.1,137.2,26.1,94.4,2,0,Severe Storm Runoff,Ramon Jetmatic,San Isidro
729.9,1016.1,3866.3,0,70.8,112.1,25.3,96.5,2,0,Severe Storm Runoff,Ramon Jetmatic,San Isidro
895.8,1060.9,3734.6,0,1.7,2.3,30.0,69.0,0,1,Dry / Normal,Nano Spring (Open Main Source),San Isidro
895.8,1060.9,3734.6,0,3.4,8.2,29.8,67.8,0,1,Dry / Normal,Nano Spring (Open Main Source),San Isidro
895.8,1060.9,3734.6,0,44.6,63.7,27.4,81.7,0,1,Moderate Monsoon,Nano Spring (Open Main Source),San Isidro
895.8,1060.9,3734.6,0,29.6,40.2,26.8,91.6,0,1,Moderate Monsoon,Nano Spring (Open Main Source),San Isidro
895.8,1060.9,3734.6,0,86.9,128.8,23.1,94.7,0,1,Severe Storm Runoff,Nano Spring (Open Main Source),San Isidro
895.8,1060.9,3734.6,0,71.2,112.4,25.6,95.2,0,1,Severe Storm Runoff,Nano Spring (Open Main Source),San Isidro
924.8,844.7,4166.6,0,1.4,8.6,28.6,77.4,1,0,Dry / Normal,Ka Pyohok (Open Main Source),San Isidro
924.8,844.7,4166.6,0,1.6,8.7,31.0,75.7,1,0,Dry / Normal,Ka Pyohok (Open Main Source),San Isidro
924.8,844.7,4166.6,0,44.5,60.3,28.4,84.7,1,0,Moderate Monsoon,Ka Pyohok (Open Main Source),San Isidro
924.8,844.7,4166.6,0,26.6,43.4,26.9,81.8,1,0,Moderate Monsoon,Ka Pyohok (Open Main Source),San Isidro
924.8,844.7,4166.6,0,98.8,165.9,25.7,97.8,1,1,Severe Storm Runoff,Ka Pyohok (Open Main Source),San Isidro
924.8,844.7,4166.6,0,90.8,145.9,23.9,93.4,1,1,Severe Storm Runoff,Ka Pyohok (Open Main Source),San Isidro
601.5,1062.4,4128.5,0,0.3,3.0,29.4,77.6,1,0,Dry / Normal,Ka Eping,San Isidro
601.5,1062.4,4128.5,0,2.8,5.6,30.9,66.8,1,0,Dry / Normal,Ka Eping,San Isidro
601.5,1062.4,4128.5,0,28.3,50.8,26.7,84.8,1,0,Moderate Monsoon,Ka Eping,San Isidro
601.5,1062.4,4128.5,0,44.8,72.4,27.2,86.8,1,0,Moderate Monsoon,Ka Eping,San Isidro
601.5,1062.4,4128.5,0,103.4,153.5,24.4,92.3,1,1,Severe Storm Runoff,Ka Eping,San Isidro
601.5,1062.4,4128.5,0,93.3,160.5,23.8,98.7,1,1,Severe Storm Runoff,Ka Eping,San Isidro
25.4,1833.0,4759.2,1,4.5,10.3,30.7,76.3,1,1,Dry / Normal,Tagima First Steel Tank,San Isidro
25.4,1833.0,4759.2,1,0.7,7.0,28.6,75.3,1,1,Dry / Normal,Tagima First Steel Tank,San Isidro
25.4,1833.0,4759.2,1,23.3,50.8,28.3,81.8,1,1,Moderate Monsoon,Tagima First Steel Tank,San Isidro
25.4,1833.0,4759.2,1,28.9,58.5,26.7,90.4,1,1,Moderate Monsoon,Tagima First Steel Tank,San Isidro
25.4,1833.0,4759.2,1,101.2,160.0,24.0,93.4,1,1,Severe Storm Runoff,Tagima First Steel Tank,San Isidro
25.4,1833.0,4759.2,1,113.3,172.6,24.8,95.4,1,1,Severe Storm Runoff,Tagima First Steel Tank,San Isidro
866.3,799.3,3938.0,0,2.9,9.8,32.9,70.3,0,0,Dry / Normal,Ka Dinoy Spring,San Isidro
866.3,799.3,3938.0,0,4.1,10.2,30.9,77.4,0,0,Dry / Normal,Ka Dinoy Spring,San Isidro
866.3,799.3,3938.0,0,21.0,33.2,28.0,85.3,0,0,Moderate Monsoon,Ka Dinoy Spring,San Isidro
866.3,799.3,3938.0,0,40.4,68.3,25.2,90.6,0,1,Moderate Monsoon,Ka Dinoy Spring,San Isidro
866.3,799.3,3938.0,0,91.4,156.9,25.2,98.5,0,1,Severe Storm Runoff,Ka Dinoy Spring,San Isidro
866.3,799.3,3938.0,0,61.3,125.1,25.4,97.1,0,1,Severe Storm Runoff,Ka Dinoy Spring,San Isidro
27.3,1703.0,4642.2,4,3.5,4.6,29.5,69.7,1,0,Dry / Normal,Steel Tank from Elihan Source,San Isidro
27.3,1703.0,4642.2,4,4.0,6.2,29.1,77.4,1,0,Dry / Normal,Steel Tank from Elihan Source,San Isidro
27.3,1703.0,4642.2,4,15.3,45.3,27.4,89.9,1,1,Moderate Monsoon,Steel Tank from Elihan Source,San Isidro
27.3,1703.0,4642.2,4,23.8,34.1,27.6,90.0,1,1,Moderate Monsoon,Steel Tank from Elihan Source,San Isidro
27.3,1703.0,4642.2,4,111.8,158.9,25.6,97.4,1,1,Severe Storm Runoff,Steel Tank from Elihan Source,San Isidro
27.3,1703.0,4642.2,4,106.1,184.4,26.0,96.3,1,1,Severe Storm Runoff,Steel Tank from Elihan Source,San Isidro
4142.5,5000.0,5000.0,0,0.4,4.3,28.4,70.3,2,1,Dry / Normal,Rosal Jetmatic,Tagnipa
4142.5,5000.0,5000.0,0,2.0,2.5,29.7,66.4,2,1,Dry / Normal,Rosal Jetmatic,Tagnipa
4142.5,5000.0,5000.0,0,39.2,68.2,25.3,91.5,2,1,Moderate Monsoon,Rosal Jetmatic,Tagnipa
4142.5,5000.0,5000.0,0,30.7,46.7,25.3,86.0,2,1,Moderate Monsoon,Rosal Jetmatic,Tagnipa
4142.5,5000.0,5000.0,0,115.6,191.0,23.2,92.5,2,0,Severe Storm Runoff,Rosal Jetmatic,Tagnipa
4142.5,5000.0,5000.0,0,88.2,143.0,23.8,94.0,2,0,Severe Storm Runoff,Rosal Jetmatic,Tagnipa
4172.9,5000.0,5000.0,0,4.0,11.4,30.0,76.8,2,0,Dry / Normal,Sampaguita Jetmatic,Tagnipa
4172.9,5000.0,5000.0,0,1.6,5.4,29.1,73.3,2,0,Dry / Normal,Sampaguita Jetmatic,Tagnipa
4172.9,5000.0,5000.0,0,44.4,66.5,26.3,87.8,2,0,Moderate Monsoon,Sampaguita Jetmatic,Tagnipa
4172.9,5000.0,5000.0,0,18.7,46.5,26.8,85.4,2,0,Moderate Monsoon,Sampaguita Jetmatic,Tagnipa
4172.9,5000.0,5000.0,0,101.0,172.2,23.3,96.8,2,0,Severe Storm Runoff,Sampaguita Jetmatic,Tagnipa
4172.9,5000.0,5000.0,0,76.9,152.6,25.9,97.6,2,0,Severe Storm Runoff,Sampaguita Jetmatic,Tagnipa
4221.5,5000.0,5000.0,0,2.8,7.0,28.7,75.1,2,1,Dry / Normal,Sambag Jetmatic,Tagnipa
4221.5,5000.0,5000.0,0,1.4,5.4,29.4,66.7,2,1,Dry / Normal,Sambag Jetmatic,Tagnipa
4221.5,5000.0,5000.0,0,33.9,45.0,27.6,83.8,2,1,Moderate Monsoon,Sambag Jetmatic,Tagnipa
4221.5,5000.0,5000.0,0,15.0,35.2,25.2,83.3,2,1,Moderate Monsoon,Sambag Jetmatic,Tagnipa
4221.5,5000.0,5000.0,0,109.5,152.6,25.9,92.0,2,0,Severe Storm Runoff,Sambag Jetmatic,Tagnipa
4221.5,5000.0,5000.0,0,77.3,154.3,24.1,92.7,2,0,Severe Storm Runoff,Sambag Jetmatic,Tagnipa
4220.5,5000.0,5000.0,0,1.8,4.0,32.2,69.1,3,0,Dry / Normal,Residential Faucet Source:Nawasa,Tagnipa
4220.5,5000.0,5000.0,0,3.9,11.0,30.2,76.8,3,0,Dry / Normal,Residential Faucet Source:Nawasa,Tagnipa
4220.5,5000.0,5000.0,0,26.3,55.6,25.3,88.2,3,0,Moderate Monsoon,Residential Faucet Source:Nawasa,Tagnipa
4220.5,5000.0,5000.0,0,29.8,47.6,27.2,88.4,3,0,Moderate Monsoon,Residential Faucet Source:Nawasa,Tagnipa
4220.5,5000.0,5000.0,0,60.3,108.6,25.5,96.7,3,0,Severe Storm Runoff,Residential Faucet Source:Nawasa,Tagnipa
4220.5,5000.0,5000.0,0,127.6,205.7,26.3,96.9,3,0,Severe Storm Runoff,Residential Faucet Source:Nawasa,Tagnipa
4057.3,5000.0,5000.0,0,1.5,2.3,31.9,73.4,2,0,Dry / Normal,Bombil Jetmatic,Tagnipa
4057.3,5000.0,5000.0,0,0.2,3.1,32.8,71.5,2,0,Dry / Normal,Bombil Jetmatic,Tagnipa
4057.3,5000.0,5000.0,0,28.0,47.2,25.7,84.4,2,0,Moderate Monsoon,Bombil Jetmatic,Tagnipa
4057.3,5000.0,5000.0,0,26.1,37.1,27.7,85.0,2,0,Moderate Monsoon,Bombil Jetmatic,Tagnipa
4057.3,5000.0,5000.0,0,117.6,200.1,23.7,96.6,2,0,Severe Storm Runoff,Bombil Jetmatic,Tagnipa
4057.3,5000.0,5000.0,0,93.1,177.1,23.8,96.7,2,0,Severe Storm Runoff,Bombil Jetmatic,Tagnipa
3995.8,5000.0,5000.0,0,3.0,5.4,28.7,73.5,2,1,Dry / Normal,Lantana Jetmatic,Tagnipa
3995.8,5000.0,5000.0,0,3.7,6.2,31.2,70.1,2,1,Dry / Normal,Lantana Jetmatic,Tagnipa
3995.8,5000.0,5000.0,0,36.4,50.4,28.1,83.4,2,1,Moderate Monsoon,Lantana Jetmatic,Tagnipa
3995.8,5000.0,5000.0,0,26.0,37.2,25.4,86.2,2,1,Moderate Monsoon,Lantana Jetmatic,Tagnipa
3995.8,5000.0,5000.0,0,78.7,160.5,23.1,94.7,2,0,Severe Storm Runoff,Lantana Jetmatic,Tagnipa
3995.8,5000.0,5000.0,0,83.6,124.6,23.4,94.9,2,0,Severe Storm Runoff,Lantana Jetmatic,Tagnipa
3088.4,4699.5,5000.0,0,2.5,5.7,30.7,72.7,1,1,Dry / Normal,Nawasa Planta,Tagnipa
3088.4,4699.5,5000.0,0,0.0,3.7,32.8,71.7,1,1,Dry / Normal,Nawasa Planta,Tagnipa
3088.4,4699.5,5000.0,0,35.3,51.5,27.7,89.3,1,1,Moderate Monsoon,Nawasa Planta,Tagnipa
3088.4,4699.5,5000.0,0,30.6,60.1,25.4,80.2,1,1,Moderate Monsoon,Nawasa Planta,Tagnipa
3088.4,4699.5,5000.0,0,113.9,194.3,23.4,93.9,1,1,Severe Storm Runoff,Nawasa Planta,Tagnipa
3088.4,4699.5,5000.0,0,61.2,115.9,25.7,95.6,1,1,Severe Storm Runoff,Nawasa Planta,Tagnipa
4267.0,5000.0,5000.0,0,1.7,4.7,28.0,68.9,2,0,Dry / Normal,2. Sampaguita Jetmatic,Tagnipa
4267.0,5000.0,5000.0,0,3.2,11.0,32.2,65.3,2,0,Dry / Normal,2. Sampaguita Jetmatic,Tagnipa
4267.0,5000.0,5000.0,0,42.0,67.7,27.7,85.5,2,0,Moderate Monsoon,2. Sampaguita Jetmatic,Tagnipa
4267.0,5000.0,5000.0,0,26.9,43.0,25.2,82.7,2,0,Moderate Monsoon,2. Sampaguita Jetmatic,Tagnipa
4267.0,5000.0,5000.0,0,77.3,141.5,25.6,95.3,2,0,Severe Storm Runoff,2. Sampaguita Jetmatic,Tagnipa
4267.0,5000.0,5000.0,0,64.0,151.9,26.3,97.5,2,0,Severe Storm Runoff,2. Sampaguita Jetmatic,Tagnipa
3366.1,4965.2,5000.0,0,5.0,9.4,32.8,66.0,0,1,Dry / Normal,Concrete Reservoir from Cacao Spring,Tagnipa
3366.1,4965.2,5000.0,0,1.8,3.6,29.0,66.8,0,1,Dry / Normal,Concrete Reservoir from Cacao Spring,Tagnipa
3366.1,4965.2,5000.0,0,33.7,59.3,27.0,81.8,0,1,Moderate Monsoon,Concrete Reservoir from Cacao Spring,Tagnipa
3366.1,4965.2,5000.0,0,39.3,62.0,26.4,88.1,0,1,Moderate Monsoon,Concrete Reservoir from Cacao Spring,Tagnipa
3366.1,4965.2,5000.0,0,78.2,135.5,26.2,94.0,0,1,Severe Storm Runoff,Concrete Reservoir from Cacao Spring,Tagnipa
3366.1,4965.2,5000.0,0,92.9,177.4,25.5,92.4,0,1,Severe Storm Runoff,Concrete Reservoir from Cacao Spring,Tagnipa
3640.4,5000.0,5000.0,0,0.7,0.8,31.2,70.8,1,1,Dry / Normal,Tubod,Tagnipa
3640.4,5000.0,5000.0,0,0.7,8.4,30.6,68.1,1,1,Dry / Normal,Tubod,Tagnipa
3640.4,5000.0,5000.0,0,30.0,53.6,25.3,83.3,1,1,Moderate Monsoon,Tubod,Tagnipa
3640.4,5000.0,5000.0,0,39.2,58.4,26.9,85.2,1,1,Moderate Monsoon,Tubod,Tagnipa
3640.4,5000.0,5000.0,0,63.1,111.4,24.6,93.5,1,1,Severe Storm Runoff,Tubod,Tagnipa
3640.4,5000.0,5000.0,0,63.5,145.7,26.4,97.6,1,1,Severe Storm Runoff,Tubod,Tagnipa
4001.5,5000.0,5000.0,0,4.3,6.2,32.8,67.6,2,1,Dry / Normal,Jetmatic Pump 2 (Purok Sambag 1),Combado
4001.5,5000.0,5000.0,0,4.8,12.8,31.6,77.8,2,1,Dry / Normal,Jetmatic Pump 2 (Purok Sambag 1),Combado
4001.5,5000.0,5000.0,0,32.1,47.3,26.5,87.1,2,1,Moderate Monsoon,Jetmatic Pump 2 (Purok Sambag 1),Combado
4001.5,5000.0,5000.0,0,17.2,39.6,28.4,82.3,2,1,Moderate Monsoon,Jetmatic Pump 2 (Purok Sambag 1),Combado
4001.5,5000.0,5000.0,0,115.5,200.9,26.3,98.7,2,0,Severe Storm Runoff,Jetmatic Pump 2 (Purok Sambag 1),Combado
4001.5,5000.0,5000.0,0,96.5,185.4,25.7,93.1,2,0,Severe Storm Runoff,Jetmatic Pump 2 (Purok Sambag 1),Combado
4014.2,5000.0,5000.0,0,2.4,8.1,29.2,73.3,2,1,Dry / Normal,Jetmatic Pump (Purok Sambag 1),Combado
4014.2,5000.0,5000.0,0,3.3,4.6,30.8,75.0,2,1,Dry / Normal,Jetmatic Pump (Purok Sambag 1),Combado
4014.2,5000.0,5000.0,0,30.0,40.2,25.0,84.3,2,1,Moderate Monsoon,Jetmatic Pump (Purok Sambag 1),Combado
4014.2,5000.0,5000.0,0,42.8,57.4,27.2,82.7,2,1,Moderate Monsoon,Jetmatic Pump (Purok Sambag 1),Combado
4014.2,5000.0,5000.0,0,82.5,164.9,25.6,92.7,2,0,Severe Storm Runoff,Jetmatic Pump (Purok Sambag 1),Combado
4014.2,5000.0,5000.0,0,90.0,131.5,24.7,96.6,2,0,Severe Storm Runoff,Jetmatic Pump (Purok Sambag 1),Combado
